﻿Descriptores,2003,2004,2005,2006,2007,2008,2009,2010,2011,2012,2013,2014,2015,2016,2017<R>,2018<P>
Valores constantes|Millones de pesos|B.1bV---Valor agregado bruto|Estados Unidos Mexicanos<C1>,1176514.7310000001,1192534.74,1180443.336,1163383.5359999998,1122473.914,1062443.3220000002,1008837.2880000001,1002820.203,989616.5660000001,988537.172,977551.093,953588.4099999999,894928.7930000001,841169.9599999998,755454.533,706188.0380000001
Valores constantes|Millones de pesos|B.1bV---Valor agregado bruto|Aguascalientes<C1>,0,0,0,0,0,0,0,0,0,0,0,0,0,0,0,0
Valores constantes|Millones de pesos|B.1bV---Valor agregado bruto|Baja California<C1>,0,0,0,0,0,0,0,0,0,0,0,0,0,0,0,0
Valores constantes|Millones de pesos|B.1bV---Valor agregado bruto|Baja California Sur<C1>,0,0,0,0,0,0,0,0,0,0,0,0,0,0,0,0
Valores constantes|Millones de pesos|B.1bV---Valor agregado bruto|Campeche<C1>,943590.949,947235.727,911965.646,873712.271,813497.726,740354.978,656025.985,621235.295,594282.952,579489.636,584234.661,558984.634,511803.01,482959.861,428901.385,420111.396
Valores constantes|Millones de pesos|B.1bV---Valor agregado bruto|Coahuila de Zaragoza<C1>,77.302,116.225,82.206,85.182,425.207,831.812,1831.288,1765.208,1327.686,962.489,867.321,597.205,326.803,274.594,267.692,239.891
Valores constantes|Millones de pesos|B.1bV---Valor agregado bruto|Colima<C1>,0,0,0,0,0,0,0,0,0,0,0,0,0,0,0,0
Valores constantes|Millones de pesos|B.1bV---Valor agregado bruto|Chiapas<C1>,18565.419,15536.898,13810.101,13179.781,12559.795,13195.99,15001.531,17395.383,17243.182,17043.493,17648.272,17027.377,13956.523,10561.073,7101.499,4934.444
Valores constantes|Millones de pesos|B.1bV---Valor agregado bruto|Chihuahua<C1>,0,0,0,0,0,0,0,0,0,0,0,0,0,0,0,0
Valores constantes|Millones de pesos|B.1bV---Valor agregado bruto|Ciudad de México<C1>,0,0,0,0,0,0,0,0,0,0,0,0,0,0,0,0
Valores constantes|Millones de pesos|B.1bV---Valor agregado bruto|Durango<C1>,0,0,0,0,0,0,0,0,0,0,0,0,0,0,0,0
Valores constantes|Millones de pesos|B.1bV---Valor agregado bruto|Guanajuato<C1>,0,0,0,0,0,0,0,0,0,0,0,0,0,0,0,0
Valores constantes|Millones de pesos|B.1bV---Valor agregado bruto|Guerrero<C1>,0,0,0,0,0,0,0,0,0,0,0,0,0,0,0,0
Valores constantes|Millones de pesos|B.1bV---Valor agregado bruto|Hidalgo<C1>,0.121,0.055,0,0,0,0,0,0,0,0,0,0,0,0,0,0
Valores constantes|Millones de pesos|B.1bV---Valor agregado bruto|Jalisco<C1>,0,0,0,0,0,0,0,0,0,0,0,0,0,0,0,0
Valores constantes|Millones de pesos|B.1bV---Valor agregado bruto|México<C1>,0,0,0,0,0,0,0,0,0,0,0,0,0,0,0,0
Valores constantes|Millones de pesos|B.1bV---Valor agregado bruto|Michoacán de Ocampo<C1>,0,0,0,0,0,0,0,0,0,0,0,0,0,0,0,0
Valores constantes|Millones de pesos|B.1bV---Valor agregado bruto|Morelos<C1>,0,0,0,0,0,0,0,0,0,0,0,0,0,0,0,0
Valores constantes|Millones de pesos|B.1bV---Valor agregado bruto|Nayarit<C1>,0,0,0,0,0,0,0,0,0,0,0,0,0,0,0,0
Valores constantes|Millones de pesos|B.1bV---Valor agregado bruto|Nuevo León<C1>,5661.718,5461.058,5739.606,5409.905,5394.698,5337.799,5914.579,6364.527,6278.904,5865.35,5668.26,5360.979,4929.692,3932.244,3266.925,3098.13
Valores constantes|Millones de pesos|B.1bV---Valor agregado bruto|Oaxaca<C1>,0,0,0,0,0,0,0,0,0,0,0,0,0,0,0,0
Valores constantes|Millones de pesos|B.1bV---Valor agregado bruto|Puebla<C1>,833.825,2258.625,1875.413,2400.399,1634.674,2229.983,3025.665,3883.641,6256.278,8606.645,9581.697,6509.51,5811.726,5492.676,4621.453,3495.049
Valores constantes|Millones de pesos|B.1bV---Valor agregado bruto|Querétaro<C1>,0,0,0,0,0,0,0,0,0,0,0,0,0,0,0,0
Valores constantes|Millones de pesos|B.1bV---Valor agregado bruto|Quintana Roo<C1>,0,0,0,0,0,0,0,0,0,0,0,0,0,0,0,0
Valores constantes|Millones de pesos|B.1bV---Valor agregado bruto|San Luis Potosí<C1>,148.539,163.044,137.826,120.345,88.24,58.996,164.113,257.383,246.87,250.58,165.081,92.006,90.924,101.945,131.808,113.313
Valores constantes|Millones de pesos|B.1bV---Valor agregado bruto|Sinaloa<C1>,0,0,0,0,0,0,0,0,0,0,0,0,0,0,0,0
Valores constantes|Millones de pesos|B.1bV---Valor agregado bruto|Sonora<C1>,0,0,0,0,0,0,0,0,0,0,0,0,0,0,0,0
Valores constantes|Millones de pesos|B.1bV---Valor agregado bruto|Tabasco<C1>,169779.078,180067.619,200103.375,216377.997,230871.858,242842.669,268766.136,290013.87,300133.581,303588.105,287430.529,298336.276,296708.833,282711.154,263724.574,229394.413
Valores constantes|Millones de pesos|B.1bV---Valor agregado bruto|Tamaulipas<C1>,15415.493,16525.372,18273.366,19688.105,20009.106,18663.138,18719.126,17548.362,16902.761,19072.731,20462.201,19136.136,16249.652,13683.977,11104.963,10914.705
Valores constantes|Millones de pesos|B.1bV---Valor agregado bruto|Tlaxcala<C1>,0,0,0,0,0,0,0,0,0,0,0,0,0,0,0,0
Valores constantes|Millones de pesos|B.1bV---Valor agregado bruto|Veracruz de Ignacio de la Llave<C1>,22442.287,25170.117,28455.797,32409.551,37992.61,38927.957,39388.865,44356.534,46944.352,53658.143,51493.071,47544.287,45051.63,41452.436,36334.234,33886.697
Valores constantes|Millones de pesos|B.1bV---Valor agregado bruto|Yucatán<C1>,0,0,0,0,0,0,0,0,0,0,0,0,0,0,0,0
Valores constantes|Millones de pesos|B.1bV---Valor agregado bruto|Zacatecas<C1>,0,0,0,0,0,0,0,0,0,0,0,0,0,0,0,0
Valores constantes|Participación porcentual|B.1bV---Valor agregado bruto|Estados Unidos Mexicanos<C1>,100,100,100,100,100,100,100,100,100,100,100,100,100,100,100,100
Valores constantes|Participación porcentual|B.1bV---Valor agregado bruto|Aguascalientes<C1>,0,0,0,0,0,0,0,0,0,0,0,0,0,0,0,0
Valores constantes|Participación porcentual|B.1bV---Valor agregado bruto|Baja California<C1>,0,0,0,0,0,0,0,0,0,0,0,0,0,0,0,0
Valores constantes|Participación porcentual|B.1bV---Valor agregado bruto|Baja California Sur<C1>,0,0,0,0,0,0,0,0,0,0,0,0,0,0,0,0
Valores constantes|Participación porcentual|B.1bV---Valor agregado bruto|Campeche<C1>,80.202221369381,79.430451392972,77.256198428825,75.100965757521,72.473642002161,69.684185750852,65.027927972464,61.948821248469,60.051839512153,58.620925182569,59.765127898026,58.619067528306,57.189243882111,57.415253036378,56.773950815648,59.490018719349
Valores constantes|Participación porcentual|B.1bV---Valor agregado bruto|Coahuila de Zaragoza<C1>,0.006570423469,0.009746047314,0.006963993738,0.007321918986,0.037881236677,0.078292364663,0.181524614701,0.176024375528,0.134161658729,0.097364977996,0.088723853537,0.062627124422,0.036517207018,0.03264429462,0.035434561354,0.033969847561
Valores constantes|Participación porcentual|B.1bV---Valor agregado bruto|Colima<C1>,0,0,0,0,0,0,0,0,0,0,0,0,0,0,0,0
Valores constantes|Participación porcentual|B.1bV---Valor agregado bruto|Chiapas<C1>,1.578001406257,1.302846573677,1.169907998024,1.13288357555,1.118938698116,1.242041784889,1.487011947163,1.734646245455,1.742410403425,1.724112505099,1.805355456751,1.785610733251,1.559512120871,1.255521892389,0.940029967363,0.698743639722
Valores constantes|Participación porcentual|B.1bV---Valor agregado bruto|Chihuahua<C1>,0,0,0,0,0,0,0,0,0,0,0,0,0,0,0,0
Valores constantes|Participación porcentual|B.1bV---Valor agregado bruto|Ciudad de México<C1>,0,0,0,0,0,0,0,0,0,0,0,0,0,0,0,0
Valores constantes|Participación porcentual|B.1bV---Valor agregado bruto|Durango<C1>,0,0,0,0,0,0,0,0,0,0,0,0,0,0,0,0
Valores constantes|Participación porcentual|B.1bV---Valor agregado bruto|Guanajuato<C1>,0,0,0,0,0,0,0,0,0,0,0,0,0,0,0,0
Valores constantes|Participación porcentual|B.1bV---Valor agregado bruto|Guerrero<C1>,0,0,0,0,0,0,0,0,0,0,0,0,0,0,0,0
Valores constantes|Participación porcentual|B.1bV---Valor agregado bruto|Hidalgo<C1>,0.000010284614,0.000004612025,0,0,0,0,0,0,0,0,0,0,0,0,0,0
Valores constantes|Participación porcentual|B.1bV---Valor agregado bruto|Jalisco<C1>,0,0,0,0,0,0,0,0,0,0,0,0,0,0,0,0
Valores constantes|Participación porcentual|B.1bV---Valor agregado bruto|México<C1>,0,0,0,0,0,0,0,0,0,0,0,0,0,0,0,0
Valores constantes|Participación porcentual|B.1bV---Valor agregado bruto|Michoacán de Ocampo<C1>,0,0,0,0,0,0,0,0,0,0,0,0,0,0,0,0
Valores constantes|Participación porcentual|B.1bV---Valor agregado bruto|Morelos<C1>,0,0,0,0,0,0,0,0,0,0,0,0,0,0,0,0
Valores constantes|Participación porcentual|B.1bV---Valor agregado bruto|Nayarit<C1>,0,0,0,0,0,0,0,0,0,0,0,0,0,0,0,0
Valores constantes|Participación porcentual|B.1bV---Valor agregado bruto|Nuevo León<C1>,0.481227973677,0.457937015738,0.486224609429,0.465014746435,0.480607872728,0.502407882799,0.586276803044,0.634662822005,0.634478465269,0.593336312092,0.579842837944,0.562190033329,0.550847401331,0.467473184611,0.432444952978,0.438711764189
Valores constantes|Participación porcentual|B.1bV---Valor agregado bruto|Oaxaca<C1>,0,0,0,0,0,0,0,0,0,0,0,0,0,0,0,0
Valores constantes|Participación porcentual|B.1bV---Valor agregado bruto|Puebla<C1>,0.070872465769,0.189396998196,0.158873614921,0.206329118964,0.14563135763,0.209891949417,0.299916055442,0.387271914585,0.632192125207,0.870644548711,0.980173524291,0.682633086952,0.649406527699,0.652980522509,0.611744691192,0.494917615696
Valores constantes|Participación porcentual|B.1bV---Valor agregado bruto|Querétaro<C1>,0,0,0,0,0,0,0,0,0,0,0,0,0,0,0,0
Valores constantes|Participación porcentual|B.1bV---Valor agregado bruto|Quintana Roo<C1>,0,0,0,0,0,0,0,0,0,0,0,0,0,0,0,0
Valores constantes|Participación porcentual|B.1bV---Valor agregado bruto|San Luis Potosí<C1>,0.01262534128,0.013672054535,0.011675782801,0.010344396003,0.007861207187,0.005552860918,0.016267539072,0.025665916904,0.024946025408,0.025348566255,0.016887199164,0.009648397467,0.010159914477,0.012119429467,0.017447509313,0.016045726337
Valores constantes|Participación porcentual|B.1bV---Valor agregado bruto|Sinaloa<C1>,0,0,0,0,0,0,0,0,0,0,0,0,0,0,0,0
Valores constantes|Participación porcentual|B.1bV---Valor agregado bruto|Sonora<C1>,0,0,0,0,0,0,0,0,0,0,0,0,0,0,0,0
Valores constantes|Participación porcentual|B.1bV---Valor agregado bruto|Tabasco<C1>,14.430680171399,15.09957009722,16.951544296744,18.599025197138,20.568126806375,22.856999895567,26.64117783878,28.919827216525,30.328269686625,30.71084361813,29.403120824908,31.285644086215,33.15446271489,33.609278438807,34.90939063569,32.483474748407
Valores constantes|Participación porcentual|B.1bV---Valor agregado bruto|Tamaulipas<C1>,1.310267741985,1.385735060431,1.548008738981,1.692314218894,1.782589844667,1.756624340663,1.855514880612,1.749901123602,1.708011120744,1.92938935836,2.09321038527,2.006750061067,1.815748037956,1.626779087546,1.469971059132,1.545580555416
Valores constantes|Participación porcentual|B.1bV---Valor agregado bruto|Tlaxcala<C1>,0,0,0,0,0,0,0,0,0,0,0,0,0,0,0,0
Valores constantes|Participación porcentual|B.1bV---Valor agregado bruto|Veracruz de Ignacio de la Llave<C1>,1.907522822169,2.110640147892,2.410602536537,2.785801070508,3.38472097446,3.664003170232,3.904382348722,4.423179136929,4.74369100244,5.42803493079,5.267558020111,4.985828948991,5.034102193648,4.927950113673,4.80958580733,4.798537383325
Valores constantes|Participación porcentual|B.1bV---Valor agregado bruto|Yucatán<C1>,0,0,0,0,0,0,0,0,0,0,0,0,0,0,0,0
Valores constantes|Participación porcentual|B.1bV---Valor agregado bruto|Zacatecas<C1>,0,0,0,0,0,0,0,0,0,0,0,0,0,0,0,0
Valores constantes|Índice de volumen físico base 2013=100|B.1bV---Valor agregado bruto|Estados Unidos Mexicanos<C1>,120.353272521992,121.992062465015,120.755154840792,119.009997976648,114.82508914754,108.684173094163,103.200466474237,102.584940079444,101.234254975151,101.123836807986,100,97.548702756143,91.548032569179,86.048695155006,77.280311833276,72.240524618799
Valores constantes|Índice de volumen físico base 2013=100|B.1bV---Valor agregado bruto|Aguascalientes<C1>,NA,NA,NA,NA,NA,NA,NA,NA,NA,NA,NA,NA,NA,NA,NA,NA
Valores constantes|Índice de volumen físico base 2013=100|B.1bV---Valor agregado bruto|Baja California<C1>,NA,NA,NA,NA,NA,NA,NA,NA,NA,NA,NA,NA,NA,NA,NA,NA
Valores constantes|Índice de volumen físico base 2013=100|B.1bV---Valor agregado bruto|Baja California Sur<C1>,NA,NA,NA,NA,NA,NA,NA,NA,NA,NA,NA,NA,NA,NA,NA,NA
Valores constantes|Índice de volumen físico base 2013=100|B.1bV---Valor agregado bruto|Campeche<C1>,161.508895652461,162.132750798912,156.09577912393,149.54817461609,139.241606207955,126.722193567355,112.28809736778,106.333180221911,101.719906686604,99.187822065901,100,95.678101850927,87.602301637492,82.665389994723,73.412519597156,71.907989040041
Valores constantes|Índice de volumen físico base 2013=100|B.1bV---Valor agregado bruto|Coahuila de Zaragoza<C1>,8.91273242548,13.400459576097,9.478151687783,9.821277243374,49.025332028165,95.90589873876,211.143048536816,203.524185393874,153.078963843836,110.972638734678,100,68.856282737303,37.679590370809,31.660019762003,30.864235963386,27.658848338735
Valores constantes|Índice de volumen físico base 2013=100|B.1bV---Valor agregado bruto|Colima<C1>,NA,NA,NA,NA,NA,NA,NA,NA,NA,NA,NA,NA,NA,NA,NA,NA
Valores constantes|Índice de volumen físico base 2013=100|B.1bV---Valor agregado bruto|Chiapas<C1>,105.196809070032,88.036369793031,78.251859445503,74.68029164555,71.167279153449,74.772136331534,85.002832005309,98.567060843124,97.704647797813,96.5731545842,100,96.481836861989,79.081527075285,59.841966397617,40.239061365328,27.959927181539
Valores constantes|Índice de volumen físico base 2013=100|B.1bV---Valor agregado bruto|Chihuahua<C1>,NA,NA,NA,NA,NA,NA,NA,NA,NA,NA,NA,NA,NA,NA,NA,NA
Valores constantes|Índice de volumen físico base 2013=100|B.1bV---Valor agregado bruto|Ciudad de México<C1>,NA,NA,NA,NA,NA,NA,NA,NA,NA,NA,NA,NA,NA,NA,NA,NA
Valores constantes|Índice de volumen físico base 2013=100|B.1bV---Valor agregado bruto|Durango<C1>,NA,NA,NA,NA,NA,NA,NA,NA,NA,NA,NA,NA,NA,NA,NA,NA
Valores constantes|Índice de volumen físico base 2013=100|B.1bV---Valor agregado bruto|Guanajuato<C1>,NA,NA,NA,NA,NA,NA,NA,NA,NA,NA,NA,NA,NA,NA,NA,NA
Valores constantes|Índice de volumen físico base 2013=100|B.1bV---Valor agregado bruto|Guerrero<C1>,NA,NA,NA,NA,NA,NA,NA,NA,NA,NA,NA,NA,NA,NA,NA,NA
Valores constantes|Índice de volumen físico base 2013=100|B.1bV---Valor agregado bruto|Hidalgo<C1>,NA,NA,NA,NA,NA,NA,NA,NA,NA,NA,NA,NA,NA,NA,NA,NA
Valores constantes|Índice de volumen físico base 2013=100|B.1bV---Valor agregado bruto|Jalisco<C1>,NA,NA,NA,NA,NA,NA,NA,NA,NA,NA,NA,NA,NA,NA,NA,NA
Valores constantes|Índice de volumen físico base 2013=100|B.1bV---Valor agregado bruto|México<C1>,NA,NA,NA,NA,NA,NA,NA,NA,NA,NA,NA,NA,NA,NA,NA,NA
Valores constantes|Índice de volumen físico base 2013=100|B.1bV---Valor agregado bruto|Michoacán de Ocampo<C1>,NA,NA,NA,NA,NA,NA,NA,NA,NA,NA,NA,NA,NA,NA,NA,NA
Valores constantes|Índice de volumen físico base 2013=100|B.1bV---Valor agregado bruto|Morelos<C1>,NA,NA,NA,NA,NA,NA,NA,NA,NA,NA,NA,NA,NA,NA,NA,NA
Valores constantes|Índice de volumen físico base 2013=100|B.1bV---Valor agregado bruto|Nayarit<C1>,NA,NA,NA,NA,NA,NA,NA,NA,NA,NA,NA,NA,NA,NA,NA,NA
Valores constantes|Índice de volumen físico base 2013=100|B.1bV---Valor agregado bruto|Nuevo León<C1>,99.884585393048,96.344521952063,101.258693143928,95.442075698715,95.173792310162,94.169974560094,104.345584006379,112.283610843539,110.773041462459,103.477081150124,100,94.578918398239,86.970110757093,69.373035111304,57.635411925353,54.657513946079
Valores constantes|Índice de volumen físico base 2013=100|B.1bV---Valor agregado bruto|Oaxaca<C1>,NA,NA,NA,NA,NA,NA,NA,NA,NA,NA,NA,NA,NA,NA,NA,NA
Valores constantes|Índice de volumen físico base 2013=100|B.1bV---Valor agregado bruto|Puebla<C1>,8.702268502124,23.572285786119,19.572868981351,25.05191929989,17.060380849029,23.273361702003,31.577548319468,40.531870293957,65.294049686606,89.823806784957,100,67.936921820842,60.654454007469,57.324668062453,48.232092916317,36.476304771483
Valores constantes|Índice de volumen físico base 2013=100|B.1bV---Valor agregado bruto|Querétaro<C1>,NA,NA,NA,NA,NA,NA,NA,NA,NA,NA,NA,NA,NA,NA,NA,NA
Valores constantes|Índice de volumen físico base 2013=100|B.1bV---Valor agregado bruto|Quintana Roo<C1>,NA,NA,NA,NA,NA,NA,NA,NA,NA,NA,NA,NA,NA,NA,NA,NA
Valores constantes|Índice de volumen físico base 2013=100|B.1bV---Valor agregado bruto|San Luis Potosí<C1>,89.979464626456,98.766060297672,83.489923128646,72.900576080833,53.45254753727,35.737607598694,99.413621192021,155.913157783149,149.544768931615,151.792150520048,100,55.733851866659,55.078416050303,61.754532623379,79.844440002181,68.640849037745
Valores constantes|Índice de volumen físico base 2013=100|B.1bV---Valor agregado bruto|Sinaloa<C1>,NA,NA,NA,NA,NA,NA,NA,NA,NA,NA,NA,NA,NA,NA,NA,NA
Valores constantes|Índice de volumen físico base 2013=100|B.1bV---Valor agregado bruto|Sonora<C1>,NA,NA,NA,NA,NA,NA,NA,NA,NA,NA,NA,NA,NA,NA,NA,NA
Valores constantes|Índice de volumen físico base 2013=100|B.1bV---Valor agregado bruto|Tabasco<C1>,59.067865404096,62.647353301848,69.617996284591,75.280102553059,80.322663985356,84.487430700168,93.506468131644,100.898770568661,104.419520794884,105.621384776424,100,103.794220133102,103.22801618613,98.358081510541,91.75245751296,79.808645865868
Valores constantes|Índice de volumen físico base 2013=100|B.1bV---Valor agregado bruto|Tamaulipas<C1>,75.336436192763,80.760481240508,89.303032454818,96.216946554283,97.785697638294,91.207871528581,91.481488232864,85.759894548978,82.604803852723,93.209577014711,100,93.519441041558,79.413021111463,66.874413949897,54.270618297611,53.340816073501
Valores constantes|Índice de volumen físico base 2013=100|B.1bV---Valor agregado bruto|Tlaxcala<C1>,NA,NA,NA,NA,NA,NA,NA,NA,NA,NA,NA,NA,NA,NA,NA,NA
Valores constantes|Índice de volumen físico base 2013=100|B.1bV---Valor agregado bruto|Veracruz de Ignacio de la Llave<C1>,43.583120144456,48.88059016717,55.261409831237,62.939635121005,73.781985152915,75.59843731208,76.493524730735,86.140781931612,91.166347410121,104.204589001887,100,92.331426494256,87.490664520669,80.500997891542,70.561404271266,65.808265737346
Valores constantes|Índice de volumen físico base 2013=100|B.1bV---Valor agregado bruto|Yucatán<C1>,NA,NA,NA,NA,NA,NA,NA,NA,NA,NA,NA,NA,NA,NA,NA,NA
Valores constantes|Índice de volumen físico base 2013=100|B.1bV---Valor agregado bruto|Zacatecas<C1>,NA,NA,NA,NA,NA,NA,NA,NA,NA,NA,NA,NA,NA,NA,NA,NA
Valores constantes|Variación porcentual anual|B.1bV---Valor agregado bruto|Estados Unidos Mexicanos<C1>,NA,1.361649674066,-1.013924676106,-1.445202787777,-3.516434669572,-5.348061211158,-5.045542937678,-0.596437609075,-1.316650478371,-0.109071941303,-1.111347080432,-2.451297243857,-6.151460775409,-6.007051445936,-10.190024736499,-6.521437472134
Valores constantes|Variación porcentual anual|B.1bV---Valor agregado bruto|Aguascalientes<C1>,NA,NA,NA,NA,NA,NA,NA,NA,NA,NA,NA,NA,NA,NA,NA,NA
Valores constantes|Variación porcentual anual|B.1bV---Valor agregado bruto|Baja California<C1>,NA,NA,NA,NA,NA,NA,NA,NA,NA,NA,NA,NA,NA,NA,NA,NA
Valores constantes|Variación porcentual anual|B.1bV---Valor agregado bruto|Baja California Sur<C1>,NA,NA,NA,NA,NA,NA,NA,NA,NA,NA,NA,NA,NA,NA,NA,NA
Valores constantes|Variación porcentual anual|B.1bV---Valor agregado bruto|Campeche<C1>,NA,0.38626674025,-3.72347452642,-4.194607019221,-6.891804888019,-8.991143510584,-11.390345915929,-5.303248772989,-4.338508004444,-2.489271474171,0.81882827668,-4.321898149073,-8.440594093325,-5.635595812538,-11.193161246996,-2.049419588608
Valores constantes|Variación porcentual anual|B.1bV---Valor agregado bruto|Coahuila de Zaragoza<C1>,NA,50.351866704619,-29.269950526998,3.620173709957,399.174708271679,95.625189613529,120.156477665626,-3.608389286666,-24.785860929704,-27.506277839791,-9.88769741784,-31.143717262697,-45.277919642334,-15.975679537826,-2.513529064729,-10.385442971773
Valores constantes|Variación porcentual anual|B.1bV---Valor agregado bruto|Colima<C1>,NA,NA,NA,NA,NA,NA,NA,NA,NA,NA,NA,NA,NA,NA,NA,NA
Valores constantes|Variación porcentual anual|B.1bV---Valor agregado bruto|Chiapas<C1>,NA,-16.312699433285,-11.114168349434,-4.564195439267,-4.704069058507,5.065329489852,13.682497485979,15.957384616277,-0.874950554408,-1.158075116298,3.548445145604,-3.518163138011,-18.034803598934,-24.328767272478,-32.757788910275,-30.515458778493
Valores constantes|Variación porcentual anual|B.1bV---Valor agregado bruto|Chihuahua<C1>,NA,NA,NA,NA,NA,NA,NA,NA,NA,NA,NA,NA,NA,NA,NA,NA
Valores constantes|Variación porcentual anual|B.1bV---Valor agregado bruto|Ciudad de México<C1>,NA,NA,NA,NA,NA,NA,NA,NA,NA,NA,NA,NA,NA,NA,NA,NA
Valores constantes|Variación porcentual anual|B.1bV---Valor agregado bruto|Durango<C1>,NA,NA,NA,NA,NA,NA,NA,NA,NA,NA,NA,NA,NA,NA,NA,NA
Valores constantes|Variación porcentual anual|B.1bV---Valor agregado bruto|Guanajuato<C1>,NA,NA,NA,NA,NA,NA,NA,NA,NA,NA,NA,NA,NA,NA,NA,NA
Valores constantes|Variación porcentual anual|B.1bV---Valor agregado bruto|Guerrero<C1>,NA,NA,NA,NA,NA,NA,NA,NA,NA,NA,NA,NA,NA,NA,NA,NA
Valores constantes|Variación porcentual anual|B.1bV---Valor agregado bruto|Hidalgo<C1>,NA,NA,NA,NA,NA,NA,NA,NA,NA,NA,NA,NA,NA,NA,NA,NA
Valores constantes|Variación porcentual anual|B.1bV---Valor agregado bruto|Jalisco<C1>,NA,NA,NA,NA,NA,NA,NA,NA,NA,NA,NA,NA,NA,NA,NA,NA
Valores constantes|Variación porcentual anual|B.1bV---Valor agregado bruto|México<C1>,NA,NA,NA,NA,NA,NA,NA,NA,NA,NA,NA,NA,NA,NA,NA,NA
Valores constantes|Variación porcentual anual|B.1bV---Valor agregado bruto|Michoacán de Ocampo<C1>,NA,NA,NA,NA,NA,NA,NA,NA,NA,NA,NA,NA,NA,NA,NA,NA
Valores constantes|Variación porcentual anual|B.1bV---Valor agregado bruto|Morelos<C1>,NA,NA,NA,NA,NA,NA,NA,NA,NA,NA,NA,NA,NA,NA,NA,NA
Valores constantes|Variación porcentual anual|B.1bV---Valor agregado bruto|Nayarit<C1>,NA,NA,NA,NA,NA,NA,NA,NA,NA,NA,NA,NA,NA,NA,NA,NA
Valores constantes|Variación porcentual anual|B.1bV---Valor agregado bruto|Nuevo León<C1>,NA,-3.544153912293,5.100623359064,-5.744314156756,-0.281095509071,-1.054720764721,10.805577355011,7.60743917699,-1.345315999131,-6.586404251442,-3.360242781761,-5.421081601761,-8.044929853298,-20.233475032517,-16.919575692658,-5.166785279735
Valores constantes|Variación porcentual anual|B.1bV---Valor agregado bruto|Oaxaca<C1>,NA,NA,NA,NA,NA,NA,NA,NA,NA,NA,NA,NA,NA,NA,NA,NA
Valores constantes|Variación porcentual anual|B.1bV---Valor agregado bruto|Puebla<C1>,NA,170.875183641663,-16.966605788918,27.993087389281,-31.899904974131,36.417597637204,35.681079183117,28.356609208222,61.093108245589,37.568135559193,11.329060278424,-32.063078179158,-10.71945507419,-5.489763282027,-15.861539985247,-24.373373482321
Valores constantes|Variación porcentual anual|B.1bV---Valor agregado bruto|Querétaro<C1>,NA,NA,NA,NA,NA,NA,NA,NA,NA,NA,NA,NA,NA,NA,NA,NA
Valores constantes|Variación porcentual anual|B.1bV---Valor agregado bruto|Quintana Roo<C1>,NA,NA,NA,NA,NA,NA,NA,NA,NA,NA,NA,NA,NA,NA,NA,NA
Valores constantes|Variación porcentual anual|B.1bV---Valor agregado bruto|San Luis Potosí<C1>,NA,9.765112192758,-15.46699050563,-12.683383396457,-26.677468943454,-33.141432456936,178.176486541461,56.832792039631,-4.084574350288,1.502815246892,-34.12044057786,-44.266148133341,-1.176010260199,12.121112137609,29.293246358331,-14.031773488711
Valores constantes|Variación porcentual anual|B.1bV---Valor agregado bruto|Sinaloa<C1>,NA,NA,NA,NA,NA,NA,NA,NA,NA,NA,NA,NA,NA,NA,NA,NA
Valores constantes|Variación porcentual anual|B.1bV---Valor agregado bruto|Sonora<C1>,NA,NA,NA,NA,NA,NA,NA,NA,NA,NA,NA,NA,NA,NA,NA,NA
Valores constantes|Variación porcentual anual|B.1bV---Valor agregado bruto|Tabasco<C1>,NA,6.059958106263,11.126795651138,8.133107200216,6.698398728592,5.185045550246,10.675004976164,7.905658918279,3.489388628206,1.150995496236,-5.32220325299,3.794220133102,-0.545506239409,-4.71764822721,-6.715893494601,-13.01742969163
Valores constantes|Variación porcentual anual|B.1bV---Valor agregado bruto|Tamaulipas<C1>,NA,7.199763251166,10.577637828668,7.742082110104,1.630431166433,-6.726777298296,0.299992423568,-6.254373200971,-3.678981548249,12.837961798076,7.285112970974,-6.480558958442,-15.083943801403,-15.789107360576,-18.846962399893,-1.71327000369
Valores constantes|Variación porcentual anual|B.1bV---Valor agregado bruto|Tlaxcala<C1>,NA,NA,NA,NA,NA,NA,NA,NA,NA,NA,NA,NA,NA,NA,NA,NA
Valores constantes|Variación porcentual anual|B.1bV---Valor agregado bruto|Veracruz de Ignacio de la Llave<C1>,NA,12.15486639129,13.053892439197,13.894370978259,17.226585459329,2.461918251997,1.184002540899,12.611861245558,5.834130322266,14.301594790359,-4.03493650535,-7.668573505744,-5.242810771355,-7.989042793789,-12.347168209849,-6.736173384032
Valores constantes|Variación porcentual anual|B.1bV---Valor agregado bruto|Yucatán<C1>,NA,NA,NA,NA,NA,NA,NA,NA,NA,NA,NA,NA,NA,NA,NA,NA
Valores constantes|Variación porcentual anual|B.1bV---Valor agregado bruto|Zacatecas<C1>,NA,NA,NA,NA,NA,NA,NA,NA,NA,NA,NA,NA,NA,NA,NA,NA
Valores constantes|Contribución a la variación nacional|B.1bV---Valor agregado bruto|Estados Unidos Mexicanos<C1>,NA,1.361649674066,-1.013924676106,-1.445202787777,-3.516434669572,-5.348061211158,-5.045542937678,-0.596437609075,-1.316650478371,-0.109071941303,-1.111347080432,-2.451297243857,-6.151460775409,-6.007051445936,-10.190024736499,-6.521437472134
Valores constantes|Contribución a la variación nacional|B.1bV---Valor agregado bruto|Aguascalientes<C1>,NA,0,0,0,0,0,0,0,0,0,0,0,0,0,0,0
Valores constantes|Contribución a la variación nacional|B.1bV---Valor agregado bruto|Baja California<C1>,NA,0,0,0,0,0,0,0,0,0,0,0,0,0,0,0
Valores constantes|Contribución a la variación nacional|B.1bV---Valor agregado bruto|Baja California Sur<C1>,NA,0,0,0,0,0,0,0,0,0,0,0,0,0,0,0
Valores constantes|Contribución a la variación nacional|B.1bV---Valor agregado bruto|Campeche<C1>,NA,0.309794506092,-2.957572623838,-3.240593922079,-5.175812029026,-6.516209159761,-7.937269805721,-3.4485927923,-2.687654568523,-1.494853310691,0.480004711446,-2.582987956416,-4.947797551357,-3.222954633442,-6.426581852733,-1.163536469242
Valores constantes|Contribución a la variación nacional|B.1bV---Valor agregado bruto|Coahuila de Zaragoza<C1>,NA,0.003308330867,-0.002852663227,0.00025210867,0.029227248751,0.0362240044,0.09407334766,-0.00655011475,-0.043629156921,-0.036902878604,-0.009627154415,-0.02763190609,-0.02835625907,-0.005833871969,-0.000820523833,-0.003680036162
Valores constantes|Contribución a la variación nacional|B.1bV---Valor agregado bruto|Colima<C1>,NA,0,0,0,0,0,0,0,0,0,0,0,0,0,0,0
Valores constantes|Contribución a la variación nacional|B.1bV---Valor agregado bruto|Chiapas<C1>,NA,-0.257414626456,-0.144800561533,-0.053396887489,-0.053291625746,0.056677931849,0.169942335992,0.237288215699,-0.015177296942,-0.020178421306,0.061179186492,-0.063515350189,-0.322031388783,-0.379410074473,-0.411281211231,-0.286854457196
Valores constantes|Contribución a la variación nacional|B.1bV---Valor agregado bruto|Chihuahua<C1>,NA,0,0,0,0,0,0,0,0,0,0,0,0,0,0,0
Valores constantes|Contribución a la variación nacional|B.1bV---Valor agregado bruto|Ciudad de México<C1>,NA,0,0,0,0,0,0,0,0,0,0,0,0,0,0,0
Valores constantes|Contribución a la variación nacional|B.1bV---Valor agregado bruto|Durango<C1>,NA,0,0,0,0,0,0,0,0,0,0,0,0,0,0,0
Valores constantes|Contribución a la variación nacional|B.1bV---Valor agregado bruto|Guanajuato<C1>,NA,0,0,0,0,0,0,0,0,0,0,0,0,0,0,0
Valores constantes|Contribución a la variación nacional|B.1bV---Valor agregado bruto|Guerrero<C1>,NA,0,0,0,0,0,0,0,0,0,0,0,0,0,0,0
Valores constantes|Contribución a la variación nacional|B.1bV---Valor agregado bruto|Hidalgo<C1>,NA,-0.00000560979,-0.000004612025,0,0,0,0,0,0,0,0,0,0,0,0,0
Valores constantes|Contribución a la variación nacional|B.1bV---Valor agregado bruto|Jalisco<C1>,NA,0,0,0,0,0,0,0,0,0,0,0,0,0,0,0
Valores constantes|Contribución a la variación nacional|B.1bV---Valor agregado bruto|México<C1>,NA,0,0,0,0,0,0,0,0,0,0,0,0,0,0,0
Valores constantes|Contribución a la variación nacional|B.1bV---Valor agregado bruto|Michoacán de Ocampo<C1>,NA,0,0,0,0,0,0,0,0,0,0,0,0,0,0,0
Valores constantes|Contribución a la variación nacional|B.1bV---Valor agregado bruto|Morelos<C1>,NA,0,0,0,0,0,0,0,0,0,0,0,0,0,0,0
Valores constantes|Contribución a la variación nacional|B.1bV---Valor agregado bruto|Nayarit<C1>,NA,0,0,0,0,0,0,0,0,0,0,0,0,0,0,0
Valores constantes|Contribución a la variación nacional|B.1bV---Valor agregado bruto|Nuevo León<C1>,NA,-0.017055460056,0.023357642395,-0.027930269073,-0.001307135569,-0.005069071031,0.054288072414,0.0446006512,-0.008538220485,-0.041789316611,-0.019937540599,-0.031433753407,-0.045227793824,-0.111455571416,-0.079094479313,-0.022343502173
Valores constantes|Contribución a la variación nacional|B.1bV---Valor agregado bruto|Oaxaca<C1>,NA,0,0,0,0,0,0,0,0,0,0,0,0,0,0,0
Valores constantes|Contribución a la variación nacional|B.1bV---Valor agregado bruto|Puebla<C1>,NA,0.121103456035,-0.03213424206,0.044473629863,-0.065818792883,0.053035441855,0.074891712671,0.085046023794,0.236596449982,0.237502794592,0.098635845734,-0.314273803385,-0.073174547077,-0.035650881109,-0.103572766674,-0.149102818343
Valores constantes|Contribución a la variación nacional|B.1bV---Valor agregado bruto|Querétaro<C1>,NA,0,0,0,0,0,0,0,0,0,0,0,0,0,0,0
Valores constantes|Contribución a la variación nacional|B.1bV---Valor agregado bruto|Quintana Roo<C1>,NA,0,0,0,0,0,0,0,0,0,0,0,0,0,0,0
Valores constantes|Contribución a la variación nacional|B.1bV---Valor agregado bruto|San Luis Potosí<C1>,NA,0.001232878741,-0.002114655377,-0.001480884297,-0.002759623031,-0.00260531667,0.009893892486,0.009245296651,-0.001048343459,0.000374892673,-0.008649042486,-0.007475312597,-0.000113466144,0.001231494627,0.003550174331,-0.002448194986
Valores constantes|Contribución a la variación nacional|B.1bV---Valor agregado bruto|Sinaloa<C1>,NA,0,0,0,0,0,0,0,0,0,0,0,0,0,0,0
Valores constantes|Contribución a la variación nacional|B.1bV---Valor agregado bruto|Sonora<C1>,NA,0,0,0,0,0,0,0,0,0,0,0,0,0,0,0
Valores constantes|Contribución a la variación nacional|B.1bV---Valor agregado bruto|Tabasco<C1>,NA,0.874493172836,1.680098308918,1.378687269746,1.245836867336,1.066466743743,2.439985876254,2.106160651746,1.00912516219,0.349077018179,-1.634493518065,1.115619130099,-0.17066514053,-1.56411092251,-2.257163344254,-4.544305381777
Valores constantes|Contribución a la variación nacional|B.1bV---Valor agregado bruto|Tamaulipas<C1>,NA,0.094336175379,0.146578035957,0.119848107644,0.027592018459,-0.119910848993,0.005269739933,-0.116050825433,-0.06437853945,0.219273815188,0.140558194406,-0.135651733142,-0.302697051446,-0.28669040711,-0.306598442959,-0.025184573219
Valores constantes|Contribución a la variación nacional|B.1bV---Valor agregado bruto|Tlaxcala<C1>,NA,0,0,0,0,0,0,0,0,0,0,0,0,0,0,0
Valores constantes|Contribución a la variación nacional|B.1bV---Valor agregado bruto|Veracruz de Ignacio de la Llave<C1>,NA,0.231856850418,0.275520694684,0.334938059238,0.479898402138,0.083329063449,0.043381890634,0.492415284317,0.258054035236,0.678423465276,-0.219017762946,-0.40394655873,-0.261397577179,-0.402176578534,-0.608462289833,-0.323982039036
Valores constantes|Contribución a la variación nacional|B.1bV---Valor agregado bruto|Yucatán<C1>,NA,0,0,0,0,0,0,0,0,0,0,0,0,0,0,0
Valores constantes|Contribución a la variación nacional|B.1bV---Valor agregado bruto|Zacatecas<C1>,NA,0,0,0,0,0,0,0,0,0,0,0,0,0,0,0
Valores corrientes|Millones de pesos|B.1bV---Valor agregado bruto|Estados Unidos Mexicanos<C1>,364416.01700000005,518279.21300000005,639121.47,721985.3759999999,811078.2289999998,962564.356,689515.9079999999,828810.849,1098007.62,1095113.4409999999,977551.093,977603.3109999999,542797.8849999999,497767.30500000005,638683.735,691929.834
Valores corrientes|Millones de pesos|B.1bV---Valor agregado bruto|Aguascalientes<C1>,0,0,0,0,0,0,0,0,0,0,0,0,0,0,0,0
Valores corrientes|Millones de pesos|B.1bV---Valor agregado bruto|Baja California<C1>,0,0,0,0,0,0,0,0,0,0,0,0,0,0,0,0
Valores corrientes|Millones de pesos|B.1bV---Valor agregado bruto|Baja California Sur<C1>,0,0,0,0,0,0,0,0,0,0,0,0,0,0,0,0
Valores corrientes|Millones de pesos|B.1bV---Valor agregado bruto|Campeche<C1>,264364.895,375297.19,447666.652,504664.1,551240.324,632964.909,433613.089,499773.075,655395.643,644379.19,584234.661,562998.448,297389.159,274908.365,353996.521,409491.498
Valores corrientes|Millones de pesos|B.1bV---Valor agregado bruto|Coahuila de Zaragoza<C1>,88.786,172.286,149.563,128.035,650.737,1529.802,1742.135,1928.163,1470.993,851.198,867.321,806.926,320.587,287.791,438.649,408.918
Valores corrientes|Millones de pesos|B.1bV---Valor agregado bruto|Colima<C1>,0,0,0,0,0,0,0,0,0,0,0,0,0,0,0,0
Valores corrientes|Millones de pesos|B.1bV---Valor agregado bruto|Chiapas<C1>,11701.969,12654.474,13131.121,11293.521,11266.391,14127.106,10610.427,14814.173,19691.18,18969.357,17648.272,17806.971,8034.22,5955.005,6020.952,4984.773
Valores corrientes|Millones de pesos|B.1bV---Valor agregado bruto|Chihuahua<C1>,0,0,0,0,0,0,0,0,0,0,0,0,0,0,0,0
Valores corrientes|Millones de pesos|B.1bV---Valor agregado bruto|Ciudad de México<C1>,0,0,0,0,0,0,0,0,0,0,0,0,0,0,0,0
Valores corrientes|Millones de pesos|B.1bV---Valor agregado bruto|Durango<C1>,0,0,0,0,0,0,0,0,0,0,0,0,0,0,0,0
Valores corrientes|Millones de pesos|B.1bV---Valor agregado bruto|Guanajuato<C1>,0,0,0,0,0,0,0,0,0,0,0,0,0,0,0,0
Valores corrientes|Millones de pesos|B.1bV---Valor agregado bruto|Guerrero<C1>,0,0,0,0,0,0,0,0,0,0,0,0,0,0,0,0
Valores corrientes|Millones de pesos|B.1bV---Valor agregado bruto|Hidalgo<C1>,0.033,0.022,0,0,0,0,0,0,0,0,0,0,0,0,0,0
Valores corrientes|Millones de pesos|B.1bV---Valor agregado bruto|Jalisco<C1>,0,0,0,0,0,0,0,0,0,0,0,0,0,0,0,0
Valores corrientes|Millones de pesos|B.1bV---Valor agregado bruto|México<C1>,0,0,0,0,0,0,0,0,0,0,0,0,0,0,0,0
Valores corrientes|Millones de pesos|B.1bV---Valor agregado bruto|Michoacán de Ocampo<C1>,0,0,0,0,0,0,0,0,0,0,0,0,0,0,0,0
Valores corrientes|Millones de pesos|B.1bV---Valor agregado bruto|Morelos<C1>,0,0,0,0,0,0,0,0,0,0,0,0,0,0,0,0
Valores corrientes|Millones de pesos|B.1bV---Valor agregado bruto|Nayarit<C1>,0,0,0,0,0,0,0,0,0,0,0,0,0,0,0,0
Valores corrientes|Millones de pesos|B.1bV---Valor agregado bruto|Nuevo León<C1>,6502.83,8095.189,10442.5,8131.51,8256.048,9816.854,5626.64,6952.064,6956.63,5187.147,5668.26,7243.601,4835.924,4122.389,5348.157,5165.984
Valores corrientes|Millones de pesos|B.1bV---Valor agregado bruto|Oaxaca<C1>,0,0,0,0,0,0,0,0,0,0,0,0,0,0,0,0
Valores corrientes|Millones de pesos|B.1bV---Valor agregado bruto|Puebla<C1>,324.152,1017.091,1012.889,1446.041,1146.094,1974.338,2008.271,3147.646,7033.987,9645.664,9581.697,6699.72,3347.86,3124.331,3989.234,3460.382
Valores corrientes|Millones de pesos|B.1bV---Valor agregado bruto|Querétaro<C1>,0,0,0,0,0,0,0,0,0,0,0,0,0,0,0,0
Valores corrientes|Millones de pesos|B.1bV---Valor agregado bruto|Quintana Roo<C1>,0,0,0,0,0,0,0,0,0,0,0,0,0,0,0,0
Valores corrientes|Millones de pesos|B.1bV---Valor agregado bruto|San Luis Potosí<C1>,36.869,59.379,63.038,66.918,57.842,48.525,104.991,203.99,278.43,286.605,165.081,90.816,46.361,49.375,96.642,99.388
Valores corrientes|Millones de pesos|B.1bV---Valor agregado bruto|Sinaloa<C1>,0,0,0,0,0,0,0,0,0,0,0,0,0,0,0,0
Valores corrientes|Millones de pesos|B.1bV---Valor agregado bruto|Sonora<C1>,0,0,0,0,0,0,0,0,0,0,0,0,0,0,0,0
Valores corrientes|Millones de pesos|B.1bV---Valor agregado bruto|Tabasco<C1>,60539.39,88662.618,119076.007,143699.494,175028.52,225932.938,189899.922,244929.078,336027.232,338718.993,287430.529,308564.469,187468.848,173017.35,222507.372,219679.946
Valores corrientes|Millones de pesos|B.1bV---Valor agregado bruto|Tamaulipas<C1>,11690.398,16989.772,23638.316,23294.662,25156.747,28525.198,16138.962,17612.392,18572.407,18642.848,20462.201,23025.035,13550.257,11603.183,14797.676,15275.38
Valores corrientes|Millones de pesos|B.1bV---Valor agregado bruto|Tlaxcala<C1>,0,0,0,0,0,0,0,0,0,0,0,0,0,0,0,0
Valores corrientes|Millones de pesos|B.1bV---Valor agregado bruto|Veracruz de Ignacio de la Llave<C1>,9166.695,15331.192,23941.384,29261.095,38275.526,47644.686,29771.471,39450.268,52581.118,58432.439,51493.071,50367.325,27804.669,24699.516,31488.532,33363.565
Valores corrientes|Millones de pesos|B.1bV---Valor agregado bruto|Yucatán<C1>,0,0,0,0,0,0,0,0,0,0,0,0,0,0,0,0
Valores corrientes|Millones de pesos|B.1bV---Valor agregado bruto|Zacatecas<C1>,0,0,0,0,0,0,0,0,0,0,0,0,0,0,0,0
Valores corrientes|Participación porcentual|B.1bV---Valor agregado bruto|Estados Unidos Mexicanos<C1>,100,100,100,100,100,100,100,100,100,100,100,100,100,100,100,100
Valores corrientes|Participación porcentual|B.1bV---Valor agregado bruto|Aguascalientes<C1>,0,0,0,0,0,0,0,0,0,0,0,0,0,0,0,0
Valores corrientes|Participación porcentual|B.1bV---Valor agregado bruto|Baja California<C1>,0,0,0,0,0,0,0,0,0,0,0,0,0,0,0,0
Valores corrientes|Participación porcentual|B.1bV---Valor agregado bruto|Baja California Sur<C1>,0,0,0,0,0,0,0,0,0,0,0,0,0,0,0,0
Valores corrientes|Participación porcentual|B.1bV---Valor agregado bruto|Campeche<C1>,72.544806668034,72.412163286973,70.044064080651,69.899490595776,67.96389106383,65.758191133352,62.886596809308,60.300016053482,59.689535032553,58.841318704991,59.765127898026,57.589662562016,54.788194136018,55.228288848742,55.425948963613,59.181072686627
Valores corrientes|Participación porcentual|B.1bV---Valor agregado bruto|Coahuila de Zaragoza<C1>,0.024363912632,0.033241927455,0.023401341845,0.017733738696,0.080231101851,0.158929840947,0.252660595613,0.232642104327,0.133969288847,0.077726924731,0.088723853537,0.082541250722,0.059061947156,0.057816372652,0.068680158263,0.059098188849
Valores corrientes|Participación porcentual|B.1bV---Valor agregado bruto|Colima<C1>,0,0,0,0,0,0,0,0,0,0,0,0,0,0,0,0
Valores corrientes|Participación porcentual|B.1bV---Valor agregado bruto|Chiapas<C1>,3.211156605117,2.441632556851,2.054557954374,1.564231267754,1.389063421649,1.467653140483,1.538822654691,1.78740095136,1.793355496021,1.732181917398,1.805355456751,1.821492501062,1.480149466684,1.196343138688,0.942712593112,0.720415966339
Valores corrientes|Participación porcentual|B.1bV---Valor agregado bruto|Chihuahua<C1>,0,0,0,0,0,0,0,0,0,0,0,0,0,0,0,0
Valores corrientes|Participación porcentual|B.1bV---Valor agregado bruto|Ciudad de México<C1>,0,0,0,0,0,0,0,0,0,0,0,0,0,0,0,0
Valores corrientes|Participación porcentual|B.1bV---Valor agregado bruto|Durango<C1>,0,0,0,0,0,0,0,0,0,0,0,0,0,0,0,0
Valores corrientes|Participación porcentual|B.1bV---Valor agregado bruto|Guanajuato<C1>,0,0,0,0,0,0,0,0,0,0,0,0,0,0,0,0
Valores corrientes|Participación porcentual|B.1bV---Valor agregado bruto|Guerrero<C1>,0,0,0,0,0,0,0,0,0,0,0,0,0,0,0,0
Valores corrientes|Participación porcentual|B.1bV---Valor agregado bruto|Hidalgo<C1>,0.000009055584,0.000004244816,0,0,0,0,0,0,0,0,0,0,0,0,0,0
Valores corrientes|Participación porcentual|B.1bV---Valor agregado bruto|Jalisco<C1>,0,0,0,0,0,0,0,0,0,0,0,0,0,0,0,0
Valores corrientes|Participación porcentual|B.1bV---Valor agregado bruto|México<C1>,0,0,0,0,0,0,0,0,0,0,0,0,0,0,0,0
Valores corrientes|Participación porcentual|B.1bV---Valor agregado bruto|Michoacán de Ocampo<C1>,0,0,0,0,0,0,0,0,0,0,0,0,0,0,0,0
Valores corrientes|Participación porcentual|B.1bV---Valor agregado bruto|Morelos<C1>,0,0,0,0,0,0,0,0,0,0,0,0,0,0,0,0
Valores corrientes|Participación porcentual|B.1bV---Valor agregado bruto|Nayarit<C1>,0,0,0,0,0,0,0,0,0,0,0,0,0,0,0,0
Valores corrientes|Participación porcentual|B.1bV---Valor agregado bruto|Nuevo León<C1>,1.784452300844,1.561935882619,1.633883461934,1.12627073488,1.017910197168,1.01986469152,0.816027583224,0.838799830913,0.633568462849,0.473662983742,0.579842837944,0.740955039585,0.890925357972,0.828175928509,0.837371723581,0.746605182513
Valores corrientes|Participación porcentual|B.1bV---Valor agregado bruto|Oaxaca<C1>,0,0,0,0,0,0,0,0,0,0,0,0,0,0,0,0
Valores corrientes|Participación porcentual|B.1bV---Valor agregado bruto|Puebla<C1>,0.088951084716,0.196243834306,0.158481454237,0.200286743758,0.14130498872,0.205112311472,0.29125810974,0.379778571166,0.640613678073,0.880791307903,0.980173524291,0.685320919499,0.616778379673,0.627668986817,0.62460240983,0.500105911028
Valores corrientes|Participación porcentual|B.1bV---Valor agregado bruto|Querétaro<C1>,0,0,0,0,0,0,0,0,0,0,0,0,0,0,0,0
Valores corrientes|Participación porcentual|B.1bV---Valor agregado bruto|Quintana Roo<C1>,0,0,0,0,0,0,0,0,0,0,0,0,0,0,0,0
Valores corrientes|Participación porcentual|B.1bV---Valor agregado bruto|San Luis Potosí<C1>,0.010117283072,0.011456951873,0.009863226782,0.009268608787,0.007131494587,0.005041221368,0.015226769793,0.024612370874,0.025357747517,0.026171261284,0.016887199164,0.009289657572,0.008541116552,0.009919293514,0.015131432774,0.014363884185
Valores corrientes|Participación porcentual|B.1bV---Valor agregado bruto|Sinaloa<C1>,0,0,0,0,0,0,0,0,0,0,0,0,0,0,0,0
Valores corrientes|Participación porcentual|B.1bV---Valor agregado bruto|Sonora<C1>,0,0,0,0,0,0,0,0,0,0,0,0,0,0,0,0
Valores corrientes|Participación porcentual|B.1bV---Valor agregado bruto|Tabasco<C1>,16.612713814936,17.107114423283,18.631201201862,19.903380148243,21.579733463663,23.471982583988,27.541050147896,29.55186678547,30.603360657916,30.930037046272,29.403120824908,31.563361695693,34.537505244701,34.758681066849,34.838427817486,31.748876143994
Valores corrientes|Participación porcentual|B.1bV---Valor agregado bruto|Tamaulipas<C1>,3.207981387931,3.27811179261,3.698563905231,3.22647283094,3.101642492737,2.963458788204,2.340622139787,2.125019480772,1.691464308781,1.702366832698,2.09321038527,2.35525337741,2.496372475733,2.331045627836,2.316901964006,2.207648702137
Valores corrientes|Participación porcentual|B.1bV---Valor agregado bruto|Tlaxcala<C1>,0,0,0,0,0,0,0,0,0,0,0,0,0,0,0,0
Valores corrientes|Participación porcentual|B.1bV---Valor agregado bruto|Veracruz de Ignacio de la Llave<C1>,2.515447887133,2.958095099214,3.745983373082,4.052865331167,4.719091775795,4.949766288666,4.317735189947,4.759863851637,4.788775327443,5.335743020983,5.267558020111,5.152122996441,5.122471875512,4.962060736392,4.930222937335,4.821813334327
Valores corrientes|Participación porcentual|B.1bV---Valor agregado bruto|Yucatán<C1>,0,0,0,0,0,0,0,0,0,0,0,0,0,0,0,0
Valores corrientes|Participación porcentual|B.1bV---Valor agregado bruto|Zacatecas<C1>,0,0,0,0,0,0,0,0,0,0,0,0,0,0,0,0
Índice de precios implícitos base 2013=100|B.1bV---Valor agregado bruto|Estados Unidos Mexicanos<C1>,30.974199251229,43.460303135488,54.142494646605,62.059102063827,72.258091603187,90.599125249149,68.347583520327,82.648000760312,110.95283342296,110.78121005651,100,102.518371736502,60.652633957661,59.175592171646,84.542974739156,97.980962118761
Índice de precios implícitos base 2013=100|B.1bV---Valor agregado bruto|Aguascalientes<C1>,NA,NA,NA,NA,NA,NA,NA,NA,NA,NA,NA,NA,NA,NA,NA,NA
Índice de precios implícitos base 2013=100|B.1bV---Valor agregado bruto|Baja California<C1>,NA,NA,NA,NA,NA,NA,NA,NA,NA,NA,NA,NA,NA,NA,NA,NA
Índice de precios implícitos base 2013=100|B.1bV---Valor agregado bruto|Baja California Sur<C1>,NA,NA,NA,NA,NA,NA,NA,NA,NA,NA,NA,NA,NA,NA,NA,NA
Índice de precios implícitos base 2013=100|B.1bV---Valor agregado bruto|Campeche<C1>,28.016896016242,39.620252837022,49.088104794684,57.760903303143,67.761753522099,85.494786664351,66.096938065647,80.448274433603,110.283433302997,111.197707425435,100,100.718054442978,58.106176241519,56.921576139016,82.53564417844,97.472123322263
Índice de precios implícitos base 2013=100|B.1bV---Valor agregado bruto|Coahuila de Zaragoza<C1>,114.856019249179,148.234889223489,181.936841593071,150.307576718086,153.040048729207,183.911989728448,95.131677813648,109.231490000045,110.793741893791,88.437166554631,100,135.117087097395,98.097936677448,104.806004501191,163.863320532552,170.459917212401
Índice de precios implícitos base 2013=100|B.1bV---Valor agregado bruto|Colima<C1>,NA,NA,NA,NA,NA,NA,NA,NA,NA,NA,NA,NA,NA,NA,NA,NA
Índice de precios implícitos base 2013=100|B.1bV---Valor agregado bruto|Chiapas<C1>,63.030998654003,81.447879750514,95.083453770541,85.688229569217,89.702029372295,107.056052634171,70.728960930721,85.16152245685,114.196904028502,111.299702472961,100,104.578473830702,57.566057104624,56.386363393189,84.784240623001,101.01995280522
Índice de precios implícitos base 2013=100|B.1bV---Valor agregado bruto|Chihuahua<C1>,NA,NA,NA,NA,NA,NA,NA,NA,NA,NA,NA,NA,NA,NA,NA,NA
Índice de precios implícitos base 2013=100|B.1bV---Valor agregado bruto|Ciudad de México<C1>,NA,NA,NA,NA,NA,NA,NA,NA,NA,NA,NA,NA,NA,NA,NA,NA
Índice de precios implícitos base 2013=100|B.1bV---Valor agregado bruto|Durango<C1>,NA,NA,NA,NA,NA,NA,NA,NA,NA,NA,NA,NA,NA,NA,NA,NA
Índice de precios implícitos base 2013=100|B.1bV---Valor agregado bruto|Guanajuato<C1>,NA,NA,NA,NA,NA,NA,NA,NA,NA,NA,NA,NA,NA,NA,NA,NA
Índice de precios implícitos base 2013=100|B.1bV---Valor agregado bruto|Guerrero<C1>,NA,NA,NA,NA,NA,NA,NA,NA,NA,NA,NA,NA,NA,NA,NA,NA
Índice de precios implícitos base 2013=100|B.1bV---Valor agregado bruto|Hidalgo<C1>,27.272727272727,40,NA,NA,NA,NA,NA,NA,NA,NA,NA,NA,NA,NA,NA,NA
Índice de precios implícitos base 2013=100|B.1bV---Valor agregado bruto|Jalisco<C1>,NA,NA,NA,NA,NA,NA,NA,NA,NA,NA,NA,NA,NA,NA,NA,NA
Índice de precios implícitos base 2013=100|B.1bV---Valor agregado bruto|México<C1>,NA,NA,NA,NA,NA,NA,NA,NA,NA,NA,NA,NA,NA,NA,NA,NA
Índice de precios implícitos base 2013=100|B.1bV---Valor agregado bruto|Michoacán de Ocampo<C1>,NA,NA,NA,NA,NA,NA,NA,NA,NA,NA,NA,NA,NA,NA,NA,NA
Índice de precios implícitos base 2013=100|B.1bV---Valor agregado bruto|Morelos<C1>,NA,NA,NA,NA,NA,NA,NA,NA,NA,NA,NA,NA,NA,NA,NA,NA
Índice de precios implícitos base 2013=100|B.1bV---Valor agregado bruto|Nayarit<C1>,NA,NA,NA,NA,NA,NA,NA,NA,NA,NA,NA,NA,NA,NA,NA,NA
Índice de precios implícitos base 2013=100|B.1bV---Valor agregado bruto|Nuevo León<C1>,114.856126709243,148.234810910267,181.937575506054,150.307815017084,153.040040424876,183.912020666196,95.131707599138,109.231432280828,110.793699027728,88.437126514189,100,135.117130658411,98.097893336947,104.835534112329,163.706145687458,166.745230187242
Índice de precios implícitos base 2013=100|B.1bV---Valor agregado bruto|Oaxaca<C1>,NA,NA,NA,NA,NA,NA,NA,NA,NA,NA,NA,NA,NA,NA,NA,NA
Índice de precios implícitos base 2013=100|B.1bV---Valor agregado bruto|Puebla<C1>,38.875303570893,45.031423985832,54.008850317237,60.241693151847,70.111471767459,88.536011261072,66.37453254078,81.048840508173,112.430857452306,112.072288330703,100,102.922032533939,57.605262188892,56.881764007198,86.319908479,99.008111188141
Índice de precios implícitos base 2013=100|B.1bV---Valor agregado bruto|Querétaro<C1>,NA,NA,NA,NA,NA,NA,NA,NA,NA,NA,NA,NA,NA,NA,NA,NA
Índice de precios implícitos base 2013=100|B.1bV---Valor agregado bruto|Quintana Roo<C1>,NA,NA,NA,NA,NA,NA,NA,NA,NA,NA,NA,NA,NA,NA,NA,NA
Índice de precios implícitos base 2013=100|B.1bV---Valor agregado bruto|San Luis Potosí<C1>,24.82109075731,36.419003459189,45.737379014119,55.605135236196,65.550770625567,82.251339073836,63.974822226149,79.255428680216,112.784056385952,114.37664618086,100,98.706606090907,50.988737846993,48.432978566874,73.320284049527,87.711030508415
Índice de precios implícitos base 2013=100|B.1bV---Valor agregado bruto|Sinaloa<C1>,NA,NA,NA,NA,NA,NA,NA,NA,NA,NA,NA,NA,NA,NA,NA,NA
Índice de precios implícitos base 2013=100|B.1bV---Valor agregado bruto|Sonora<C1>,NA,NA,NA,NA,NA,NA,NA,NA,NA,NA,NA,NA,NA,NA,NA,NA
Índice de precios implícitos base 2013=100|B.1bV---Valor agregado bruto|Tabasco<C1>,35.657744589707,49.238513005495,59.507245692383,66.411324622808,75.811977049191,93.036754591097,70.656193829419,84.454263515052,111.959225249107,111.571892120082,100,103.428410764234,63.182766116033,61.199336337469,84.371118180288,95.76516843939
Índice de precios implícitos base 2013=100|B.1bV---Valor agregado bruto|Tamaulipas<C1>,75.835381975782,102.810224181338,129.35939662129,118.318456753456,125.726491728316,152.842453396637,86.216429121744,100.364877360064,109.877948342286,97.746085759821,100,120.322279273099,83.387982708799,84.793938195015,133.252816781109,139.952293717512
Índice de precios implícitos base 2013=100|B.1bV---Valor agregado bruto|Tlaxcala<C1>,NA,NA,NA,NA,NA,NA,NA,NA,NA,NA,NA,NA,NA,NA,NA,NA
Índice de precios implícitos base 2013=100|B.1bV---Valor agregado bruto|Veracruz de Ignacio de la Llave<C1>,40.845636632309,60.910292947784,84.135348589955,90.285406916005,100.744660606365,122.391950854241,75.583470099989,88.939023053515,112.007335834564,108.897616900384,100,105.937701831558,61.717342968501,59.58519783976,86.663536102068,98.456231954386
Índice de precios implícitos base 2013=100|B.1bV---Valor agregado bruto|Yucatán<C1>,NA,NA,NA,NA,NA,NA,NA,NA,NA,NA,NA,NA,NA,NA,NA,NA
Índice de precios implícitos base 2013=100|B.1bV---Valor agregado bruto|Zacatecas<C1>,NA,NA,NA,NA,NA,NA,NA,NA,NA,NA,NA,NA,NA,NA,NA,NA
Variación porcentual anual del índice de precios implícitos base 2013=100|B.1bV---Valor agregado bruto|Estados Unidos Mexicanos<C1>,NA,40.311304847578,24.579192367378,14.621800249314,16.434316965899,25.382670977091,-24.560437716843,20.923076579192,34.247449910779,-0.154681373296,-9.731984378046,2.518371736502,-40.837302689948,-2.435247555854,42.867982620147,15.894859887608
Variación porcentual anual del índice de precios implícitos base 2013=100|B.1bV---Valor agregado bruto|Aguascalientes<C1>,NA,NA,NA,NA,NA,NA,NA,NA,NA,NA,NA,NA,NA,NA,NA,NA
Variación porcentual anual del índice de precios implícitos base 2013=100|B.1bV---Valor agregado bruto|Baja California<C1>,NA,NA,NA,NA,NA,NA,NA,NA,NA,NA,NA,NA,NA,NA,NA,NA
Variación porcentual anual del índice de precios implícitos base 2013=100|B.1bV---Valor agregado bruto|Baja California Sur<C1>,NA,NA,NA,NA,NA,NA,NA,NA,NA,NA,NA,NA,NA,NA,NA,NA
Variación porcentual anual del índice de precios implícitos base 2013=100|B.1bV---Valor agregado bruto|Campeche<C1>,NA,41.415568712727,23.896495553948,17.667821042865,17.314220600861,26.169678646921,-22.688925670824,21.712558535922,37.086138987379,0.829022179538,-10.070088390036,0.718054442978,-42.3080831308,-2.038681908063,44.998873497228,18.097004382168
Variación porcentual anual del índice de precios implícitos base 2013=100|B.1bV---Valor agregado bruto|Coahuila de Zaragoza<C1>,NA,29.06148950008,22.735506159262,-17.384749893443,1.817920340933,20.172458944957,-48.273259424732,14.821363935173,1.430221169505,-20.178554273031,13.074631284378,35.117087097395,-27.397830441137,6.838133452082,56.34917227542,4.02567008798
Variación porcentual anual del índice de precios implícitos base 2013=100|B.1bV---Valor agregado bruto|Colima<C1>,NA,NA,NA,NA,NA,NA,NA,NA,NA,NA,NA,NA,NA,NA,NA,NA
Variación porcentual anual del índice de precios implícitos base 2013=100|B.1bV---Valor agregado bruto|Chiapas<C1>,NA,29.218767733012,16.741472045429,-9.881029589014,4.684190376271,19.346299502156,-33.932777091629,20.405448257985,34.094483910106,-2.537022855556,-10.152500161181,4.578473830702,-44.95420042387,-2.04928697703,50.363023115696,19.14944577308
Variación porcentual anual del índice de precios implícitos base 2013=100|B.1bV---Valor agregado bruto|Chihuahua<C1>,NA,NA,NA,NA,NA,NA,NA,NA,NA,NA,NA,NA,NA,NA,NA,NA
Variación porcentual anual del índice de precios implícitos base 2013=100|B.1bV---Valor agregado bruto|Ciudad de México<C1>,NA,NA,NA,NA,NA,NA,NA,NA,NA,NA,NA,NA,NA,NA,NA,NA
Variación porcentual anual del índice de precios implícitos base 2013=100|B.1bV---Valor agregado bruto|Durango<C1>,NA,NA,NA,NA,NA,NA,NA,NA,NA,NA,NA,NA,NA,NA,NA,NA
Variación porcentual anual del índice de precios implícitos base 2013=100|B.1bV---Valor agregado bruto|Guanajuato<C1>,NA,NA,NA,NA,NA,NA,NA,NA,NA,NA,NA,NA,NA,NA,NA,NA
Variación porcentual anual del índice de precios implícitos base 2013=100|B.1bV---Valor agregado bruto|Guerrero<C1>,NA,NA,NA,NA,NA,NA,NA,NA,NA,NA,NA,NA,NA,NA,NA,NA
Variación porcentual anual del índice de precios implícitos base 2013=100|B.1bV---Valor agregado bruto|Hidalgo<C1>,NA,46.666666666668,NA,NA,NA,NA,NA,NA,NA,NA,NA,NA,NA,NA,NA,NA
Variación porcentual anual del índice de precios implícitos base 2013=100|B.1bV---Valor agregado bruto|Jalisco<C1>,NA,NA,NA,NA,NA,NA,NA,NA,NA,NA,NA,NA,NA,NA,NA,NA
Variación porcentual anual del índice de precios implícitos base 2013=100|B.1bV---Valor agregado bruto|México<C1>,NA,NA,NA,NA,NA,NA,NA,NA,NA,NA,NA,NA,NA,NA,NA,NA
Variación porcentual anual del índice de precios implícitos base 2013=100|B.1bV---Valor agregado bruto|Michoacán de Ocampo<C1>,NA,NA,NA,NA,NA,NA,NA,NA,NA,NA,NA,NA,NA,NA,NA,NA
Variación porcentual anual del índice de precios implícitos base 2013=100|B.1bV---Valor agregado bruto|Morelos<C1>,NA,NA,NA,NA,NA,NA,NA,NA,NA,NA,NA,NA,NA,NA,NA,NA
Variación porcentual anual del índice de precios implícitos base 2013=100|B.1bV---Valor agregado bruto|Nayarit<C1>,NA,NA,NA,NA,NA,NA,NA,NA,NA,NA,NA,NA,NA,NA,NA,NA
Variación porcentual anual del índice de precios implícitos base 2013=100|B.1bV---Valor agregado bruto|Nuevo León<C1>,NA,29.061300565639,22.736066102711,-17.384952174389,1.817753393249,20.172485681271,-48.273251930713,14.821267311949,1.430235523126,-20.178559529765,13.074682479599,35.117130658411,-27.397885923919,6.868282840937,56.155207367046,1.856426639954
Variación porcentual anual del índice de precios implícitos base 2013=100|B.1bV---Valor agregado bruto|Oaxaca<C1>,NA,NA,NA,NA,NA,NA,NA,NA,NA,NA,NA,NA,NA,NA,NA,NA
Variación porcentual anual del índice de precios implícitos base 2013=100|B.1bV---Valor agregado bruto|Puebla<C1>,NA,15.835555865725,19.935914827454,11.540410132783,16.383634156387,26.278922734246,-25.031033592583,22.108340964024,38.719883896388,-0.31892411899,-10.771876358124,2.922032533939,-44.030193758663,-1.255958490948,51.753220009275,14.699045599924
Variación porcentual anual del índice de precios implícitos base 2013=100|B.1bV---Valor agregado bruto|Querétaro<C1>,NA,NA,NA,NA,NA,NA,NA,NA,NA,NA,NA,NA,NA,NA,NA,NA
Variación porcentual anual del índice de precios implícitos base 2013=100|B.1bV---Valor agregado bruto|Quintana Roo<C1>,NA,NA,NA,NA,NA,NA,NA,NA,NA,NA,NA,NA,NA,NA,NA,NA
Variación porcentual anual del índice de precios implícitos base 2013=100|B.1bV---Valor agregado bruto|San Luis Potosí<C1>,NA,46.726039622023,25.58657478196,21.574817872775,17.886181459904,25.477302995665,-22.220327417746,23.885344143749,42.304518774378,1.412069973311,-12.569564383036,-1.293393909093,-48.343135412808,-5.012399576919,51.385040150462,19.627237735696
Variación porcentual anual del índice de precios implícitos base 2013=100|B.1bV---Valor agregado bruto|Sinaloa<C1>,NA,NA,NA,NA,NA,NA,NA,NA,NA,NA,NA,NA,NA,NA,NA,NA
Variación porcentual anual del índice de precios implícitos base 2013=100|B.1bV---Valor agregado bruto|Sonora<C1>,NA,NA,NA,NA,NA,NA,NA,NA,NA,NA,NA,NA,NA,NA,NA,NA
Variación porcentual anual del índice de precios implícitos base 2013=100|B.1bV---Valor agregado bruto|Tabasco<C1>,NA,38.086448181325,20.855082861138,11.602081141707,14.155194885474,22.720390909644,-24.055612064331,19.528464438581,32.567878268399,-0.345959100881,-10.371691203038,3.428410764234,-38.911595325526,-3.139194277948,37.862799222272,13.504680872849
Variación porcentual anual del índice de precios implícitos base 2013=100|B.1bV---Valor agregado bruto|Tamaulipas<C1>,NA,35.57025955796,25.823474903745,-8.535089182703,6.261098376474,21.56742091151,-43.591307777554,16.410385331943,9.478486132249,-11.041216882456,2.305886954611,20.322279273099,-30.69614105337,1.686040890479,57.148989205626,5.027643766366
Variación porcentual anual del índice de precios implícitos base 2013=100|B.1bV---Valor agregado bruto|Tlaxcala<C1>,NA,NA,NA,NA,NA,NA,NA,NA,NA,NA,NA,NA,NA,NA,NA,NA
Variación porcentual anual del índice de precios implícitos base 2013=100|B.1bV---Valor agregado bruto|Veracruz de Ignacio de la Llave<C1>,NA,49.12313277449,38.129935874846,7.3097199086,11.58465586813,21.487282916618,-38.244737850447,17.669938858137,25.937223042318,-2.776352915646,-8.170625908667,5.937701831558,-41.741852143789,-3.45469365042,45.444740042869,13.60744827955
Variación porcentual anual del índice de precios implícitos base 2013=100|B.1bV---Valor agregado bruto|Yucatán<C1>,NA,NA,NA,NA,NA,NA,NA,NA,NA,NA,NA,NA,NA,NA,NA,NA
Variación porcentual anual del índice de precios implícitos base 2013=100|B.1bV---Valor agregado bruto|Zacatecas<C1>,NA,NA,NA,NA,NA,NA,NA,NA,NA,NA,NA,NA,NA,NA,NA,NA
