﻿Descriptores,2003,2004,2005,2006,2007,2008,2009,2010,2011,2012,2013,2014,2015,2016,2017<R>,2018<P>
Valores constantes|Millones de pesos|B.1bV---Valor agregado bruto|Estados Unidos Mexicanos<C1>,63284.16000000002,64852.54899999999,67162.57200000001,76731.73700000001,77460.528,83482.55199999998,77362.29600000002,81131.29499999998,83822.53700000001,92028.488,90454.38299999999,96928.78600000001,101122.70399999997,100885.737,102391.85999999999,108617.84899999999
Valores constantes|Millones de pesos|B.1bV---Valor agregado bruto|Aguascalientes<C1>,0,0,0,0,0,0,0,0,0,0,0,0,0,0,0,0
Valores constantes|Millones de pesos|B.1bV---Valor agregado bruto|Baja California<C1>,92.645,93.901,93.579,98.992,99.063,95.2,88.058,91.487,95.837,101.515,98.531,101.45,109.047,119.638,124.2,123.968
Valores constantes|Millones de pesos|B.1bV---Valor agregado bruto|Baja California Sur<C1>,0,0,0,0,0,0,0,0,0,0,0,0,0,0,0,0
Valores constantes|Millones de pesos|B.1bV---Valor agregado bruto|Campeche<C1>,336.787,347.685,368.066,404.589,422.651,442.617,438.337,441.052,475.696,546.403,532.07,511.569,479.527,457.855,436.536,435.909
Valores constantes|Millones de pesos|B.1bV---Valor agregado bruto|Coahuila de Zaragoza<C1>,40.465,40.602,42.05,42.991,42.945,43.312,38.428,40.95,45.053,49.207,48.117,48.589,51.405,56.726,57.995,60.279
Valores constantes|Millones de pesos|B.1bV---Valor agregado bruto|Colima<C1>,0,0,0,0,0,0,0,0,0,0,0,0,0,0,0,0
Valores constantes|Millones de pesos|B.1bV---Valor agregado bruto|Chiapas<C1>,0,0,0,0,0,0,0,0,0,0,0,0,0,0,0,0
Valores constantes|Millones de pesos|B.1bV---Valor agregado bruto|Chihuahua<C1>,46.227,46.214,48.249,50.65,50.358,48.514,41.913,43.759,45.451,48.461,47.476,48.207,51.55,57.423,58.561,59.08
Valores constantes|Millones de pesos|B.1bV---Valor agregado bruto|Ciudad de México<C1>,36857.452,38300.028,39604.695,47524.767,47570.635,52632.757,48179.582,50857.753,51861.738,58107.367,57696.817,64010.376,66537.84,62734.238,62904.414,68359.542
Valores constantes|Millones de pesos|B.1bV---Valor agregado bruto|Durango<C1>,837.345,837.233,853.465,853.301,852.635,856.763,808.132,826.776,866.422,943.794,916.731,920.482,958.731,1058.311,1078.351,1085.131
Valores constantes|Millones de pesos|B.1bV---Valor agregado bruto|Guanajuato<C1>,275.855,278.238,287.896,301.371,305.206,311.776,296.603,308.573,326.855,349.743,346.839,362.891,389.284,433.947,453.293,469.499
Valores constantes|Millones de pesos|B.1bV---Valor agregado bruto|Guerrero<C1>,0,0,0,0,0,0,0,0,0,0,0,0,0,0,0,0
Valores constantes|Millones de pesos|B.1bV---Valor agregado bruto|Hidalgo<C1>,0,0,0,0,0,0,0,0,0,0,0,0,0,0,0,0
Valores constantes|Millones de pesos|B.1bV---Valor agregado bruto|Jalisco<C1>,900.498,911.17,939.711,983.709,997.69,1023.283,982.254,999.742,1048.24,1102.435,1073.001,1079.802,1135.933,1258.887,1310.736,1338.272
Valores constantes|Millones de pesos|B.1bV---Valor agregado bruto|México<C1>,791.437,766.827,750.251,799.556,831.577,825.984,804.703,836.362,879.564,947.701,904.627,888.884,924.094,1003.871,1034.113,1042.682
Valores constantes|Millones de pesos|B.1bV---Valor agregado bruto|Michoacán de Ocampo<C1>,209,211.593,218.205,228.284,235.545,243.066,245.866,251.786,261.404,274.484,255.363,252.304,262.376,287.597,296.258,301.606
Valores constantes|Millones de pesos|B.1bV---Valor agregado bruto|Morelos<C1>,0,0,0,0,0,0,0,0,0,0,0,0,0,0,0,0
Valores constantes|Millones de pesos|B.1bV---Valor agregado bruto|Nayarit<C1>,6.068,6.242,6.643,6.968,7.244,7.716,7.589,7.854,8.255,8.778,8.45,8.577,9.002,9.864,10.048,10.183
Valores constantes|Millones de pesos|B.1bV---Valor agregado bruto|Nuevo León<C1>,19191.537,19282.803,20093.198,21404.293,21948.301,22714.313,21326.235,22246.982,23567.223,24928.165,24040.351,24171.405,25447.394,28124.043,29160.372,29759.136
Valores constantes|Millones de pesos|B.1bV---Valor agregado bruto|Oaxaca<C1>,0,0,0,0,0,0,0,0,0,0,0,0,0,0,0,0
Valores constantes|Millones de pesos|B.1bV---Valor agregado bruto|Puebla<C1>,211.654,201.117,194.263,199.347,200.994,195.843,196.372,208.806,219.236,237.432,227.661,224.592,236.161,258.036,273.127,271.748
Valores constantes|Millones de pesos|B.1bV---Valor agregado bruto|Querétaro<C1>,118.139,118.531,119.109,129.32,134.701,134.997,131.828,144.317,158.947,174.305,172.972,174.974,186.567,208.858,223.525,226.639
Valores constantes|Millones de pesos|B.1bV---Valor agregado bruto|Quintana Roo<C1>,268.459,294.322,321.925,334.77,357.239,383.814,363.702,370.216,385.769,407.43,403.437,414.417,447.591,507.581,551.341,591.078
Valores constantes|Millones de pesos|B.1bV---Valor agregado bruto|San Luis Potosí<C1>,30.75,29.609,28.245,30.917,32.121,30.538,31.497,33.97,36.225,39.058,37.994,38.105,40.05,43.683,46.387,45.407
Valores constantes|Millones de pesos|B.1bV---Valor agregado bruto|Sinaloa<C1>,2643.067,2661.72,2765.663,2886.927,2911.404,3031.132,2924.114,2946.999,3050.115,3239.158,3137.107,3171.956,3343.511,3719.123,3823.433,3896.874
Valores constantes|Millones de pesos|B.1bV---Valor agregado bruto|Sonora<C1>,99.194,101.9,107.244,113.5,115.5,116.583,107.114,112.38,118.558,126.293,124.285,122.93,126.975,138.212,142.81,143.466
Valores constantes|Millones de pesos|B.1bV---Valor agregado bruto|Tabasco<C1>,16.161,16.977,18.175,19.31,19.579,20.842,20.252,20.662,21.72,23.695,23.711,23.902,24.021,24.802,23.724,23.116
Valores constantes|Millones de pesos|B.1bV---Valor agregado bruto|Tamaulipas<C1>,0.125,0.125,0.128,0.136,0.136,0.135,0.124,0.128,0.131,0.137,0.132,0.131,0.136,0.148,0.153,0.155
Valores constantes|Millones de pesos|B.1bV---Valor agregado bruto|Tlaxcala<C1>,0,0,0,0,0,0,0,0,0,0,0,0,0,0,0,0
Valores constantes|Millones de pesos|B.1bV---Valor agregado bruto|Veracruz de Ignacio de la Llave<C1>,252.274,250.467,253.081,265.784,270.854,273.598,274.354,281.373,289.383,308.227,296.332,291.033,296.556,313.406,310.965,306.969
Valores constantes|Millones de pesos|B.1bV---Valor agregado bruto|Yucatán<C1>,57.375,53.584,47.004,50.515,52.394,47.892,53.427,57.496,58.733,62.616,60.37,60.16,62.784,67.117,69.052,64.579
Valores constantes|Millones de pesos|B.1bV---Valor agregado bruto|Zacatecas<C1>,1.646,1.661,1.727,1.74,1.756,1.877,1.812,1.872,1.982,2.084,2.009,2.05,2.169,2.371,2.466,2.531
Valores constantes|Participación porcentual|B.1bV---Valor agregado bruto|Estados Unidos Mexicanos<C1>,100,100,100,100,100,100,100,100,100,100,100,100,100,100,100,100
Valores constantes|Participación porcentual|B.1bV---Valor agregado bruto|Aguascalientes<C1>,0,0,0,0,0,0,0,0,0,0,0,0,0,0,0,0
Valores constantes|Participación porcentual|B.1bV---Valor agregado bruto|Baja California<C1>,0.146395243296,0.144791533175,0.139332067271,0.129010503177,0.127888361412,0.114035804751,0.113825473846,0.112764131276,0.114333213274,0.11030823412,0.108928939353,0.104664469851,0.107836317352,0.118587625523,0.121298704799,0.114132254635
Valores constantes|Participación porcentual|B.1bV---Valor agregado bruto|Baja California Sur<C1>,0,0,0,0,0,0,0,0,0,0,0,0,0,0,0,0
Valores constantes|Participación porcentual|B.1bV---Valor agregado bruto|Campeche<C1>,0.532182144789,0.536116167153,0.54802249086,0.527277259473,0.545634029244,0.530191027222,0.566602883658,0.543627462128,0.567503701302,0.593732453803,0.588219146882,0.527778197903,0.474203102797,0.453835213594,0.426338578086,0.401323543058
Valores constantes|Participación porcentual|B.1bV---Valor agregado bruto|Coahuila de Zaragoza<C1>,0.063941750985,0.062606637096,0.062609275893,0.056027664277,0.055441140293,0.051881499741,0.049672775999,0.05047374136,0.053748074936,0.053469312676,0.053194768904,0.050128555205,0.050834281488,0.056227968082,0.056640244644,0.055496403726
Valores constantes|Participación porcentual|B.1bV---Valor agregado bruto|Colima<C1>,0,0,0,0,0,0,0,0,0,0,0,0,0,0,0,0
Valores constantes|Participación porcentual|B.1bV---Valor agregado bruto|Chiapas<C1>,0,0,0,0,0,0,0,0,0,0,0,0,0,0,0,0
Valores constantes|Participación porcentual|B.1bV---Valor agregado bruto|Chihuahua<C1>,0.073046715007,0.071260113461,0.071839118966,0.06600919252,0.065011175757,0.05811274193,0.054177554399,0.05393603048,0.054222887575,0.052658694121,0.052486124415,0.049734451435,0.050977671641,0.056918848697,0.057193022961,0.054392533588
Valores constantes|Participación porcentual|B.1bV---Valor agregado bruto|Ciudad de México<C1>,58.241196533224,59.057089645004,58.96840132924,61.936258526247,61.412743016676,63.046415974442,62.277859488555,62.68574044085,61.870876086702,63.140629888432,63.785540386694,66.03856154765,65.799110751627,62.183456121255,61.434975397458,62.935827425564
Valores constantes|Participación porcentual|B.1bV---Valor agregado bruto|Durango<C1>,1.323151006508,1.29097932604,1.270744961941,1.112057452837,1.100734815544,1.026277922122,1.04460705251,1.019059291485,1.033638483168,1.025545481091,1.013473277464,0.949647713529,0.948086791666,1.049019446624,1.053160866499,0.999035618906
Valores constantes|Participación porcentual|B.1bV---Valor agregado bruto|Guanajuato<C1>,0.435898967451,0.429031710072,0.428655412422,0.392759256838,0.394014871678,0.37346246914,0.383394774116,0.380337821552,0.389936897281,0.380037755266,0.383440789154,0.374389296488,0.384962016047,0.430137116409,0.442704136833,0.432248478793
Valores constantes|Participación porcentual|B.1bV---Valor agregado bruto|Guerrero<C1>,0,0,0,0,0,0,0,0,0,0,0,0,0,0,0,0
Valores constantes|Participación porcentual|B.1bV---Valor agregado bruto|Hidalgo<C1>,0,0,0,0,0,0,0,0,0,0,0,0,0,0,0,0
Valores constantes|Participación porcentual|B.1bV---Valor agregado bruto|Jalisco<C1>,1.422943750853,1.404987180997,1.399158745737,1.282010597518,1.287997933606,1.225744752029,1.269680517238,1.232251993512,1.25054673542,1.197927972043,1.18623439176,1.114015809504,1.123321425424,1.247834468415,1.280117384331,1.23209215826
Valores constantes|Participación porcentual|B.1bV---Valor agregado bruto|México<C1>,1.250608367086,1.182416129858,1.11706710696,1.042014727231,1.073549356648,0.989409140248,1.040174660793,1.030874707473,1.049316844228,1.029790905616,1.000091946899,0.917048522613,0.913834345252,0.995057408363,1.009956260195,0.95995456511
Valores constantes|Participación porcentual|B.1bV---Valor agregado bruto|Michoacán de Ocampo<C1>,0.330256418036,0.326267823336,0.324890773986,0.297509230112,0.304083907097,0.291157845774,0.31781114666,0.310343869157,0.311854078098,0.298259817112,0.282311361297,0.260298318396,0.259462998537,0.285072011716,0.289337453192,0.277676277681
Valores constantes|Participación porcentual|B.1bV---Valor agregado bruto|Morelos<C1>,0,0,0,0,0,0,0,0,0,0,0,0,0,0,0,0
Valores constantes|Participación porcentual|B.1bV---Valor agregado bruto|Nayarit<C1>,0.009588497343,0.009624910811,0.009890925559,0.009080988223,0.009351859827,0.009242649889,0.009809688172,0.009680604753,0.009848186771,0.009538350777,0.00934172532,0.008848764494,0.008902056258,0.009777397969,0.009813280079,0.009375070574
Valores constantes|Participación porcentual|B.1bV---Valor agregado bruto|Nuevo León<C1>,30.325972565647,29.733300074296,29.917255104525,27.894967371845,28.334819767818,27.208455486603,27.566703811376,27.420962527469,28.115616448116,27.08744383587,26.577320194644,24.937282305382,25.164867031246,27.877124989432,28.479189654334,27.398016324186
Valores constantes|Participación porcentual|B.1bV---Valor agregado bruto|Oaxaca<C1>,0,0,0,0,0,0,0,0,0,0,0,0,0,0,0,0
Valores constantes|Participación porcentual|B.1bV---Valor agregado bruto|Puebla<C1>,0.334450200493,0.310114256265,0.289242943227,0.259797324802,0.259479253743,0.234591534768,0.253834245044,0.257368010704,0.261547798297,0.257998371113,0.251685979661,0.23170825641,0.233539047769,0.255770545642,0.266746790223,0.250187241325
Valores constantes|Participación porcentual|B.1bV---Valor agregado bruto|Querétaro<C1>,0.1866802056,0.182769994129,0.177344310161,0.168535217703,0.173896310131,0.161706843844,0.17040342236,0.177880804195,0.189623227462,0.189403307376,0.191225670071,0.18051809707,0.184495659847,0.207024309095,0.218303486234,0.208657234595
Valores constantes|Participación porcentual|B.1bV---Valor agregado bruto|Quintana Roo<C1>,0.424211998706,0.453832585671,0.479322024773,0.43628622665,0.461188439098,0.459753554252,0.470128239214,0.456317133851,0.460221097818,0.442721605944,0.446011554797,0.427547911309,0.442621668819,0.503124638917,0.538461748815,0.544181279082
Valores constantes|Participación porcentual|B.1bV---Valor agregado bruto|San Luis Potosí<C1>,0.048590358156,0.045655876996,0.042054672951,0.040292323892,0.041467571716,0.036580098797,0.040713631353,0.041870402784,0.043216301124,0.042441205814,0.042003492523,0.039312366916,0.039605349161,0.043299480481,0.045303405954,0.041804363112
Valores constantes|Participación porcentual|B.1bV---Valor agregado bruto|Sinaloa<C1>,4.176506411715,4.104264274948,4.117863443348,3.76236367489,3.758564620164,3.630856900493,3.779766308901,3.632382547327,3.638776764774,3.519734019753,3.468164721216,3.272460257575,3.306390026912,3.686470566201,3.73411812228,3.587692111266
Valores constantes|Participación porcentual|B.1bV---Valor agregado bruto|Sonora<C1>,0.156743804453,0.157125666718,0.15967822078,0.147917933879,0.149108201276,0.139649540182,0.13845762799,0.138516216215,0.141439288577,0.137232505656,0.137400749282,0.126825069283,0.12556527365,0.136998553126,0.139473977717,0.132083263774
Valores constantes|Participación porcentual|B.1bV---Valor agregado bruto|Tabasco<C1>,0.025537196038,0.026177845377,0.027061203076,0.025165597385,0.025276099332,0.024965695826,0.026178126875,0.025467361269,0.025911885726,0.025747462025,0.026213212908,0.024659341137,0.023754309418,0.024584248217,0.023169810569,0.021281953392
Valores constantes|Participación porcentual|B.1bV---Valor agregado bruto|Tamaulipas<C1>,0.000197521781,0.00019274493,0.000190582338,0.000177240872,0.000175573293,0.000161710437,0.000160284798,0.00015776896,0.000156282552,0.000148866947,0.00014592991,0.000135150769,0.000134490075,0.000146700618,0.000149425941,0.000142702145
Valores constantes|Participación porcentual|B.1bV---Valor agregado bruto|Tlaxcala<C1>,0,0,0,0,0,0,0,0,0,0,0,0,0,0,0,0
Valores constantes|Participación porcentual|B.1bV---Valor agregado bruto|Veracruz de Ignacio de la Llave<C1>,0.398636878486,0.386209954523,0.376818505402,0.346380794169,0.349667123364,0.32773075744,0.354635286419,0.346811917645,0.345232929421,0.334925637374,0.32760380445,0.300254456916,0.293263518745,0.31065441887,0.303700899661,0.282613771886
Valores constantes|Participación porcentual|B.1bV---Valor agregado bruto|Yucatán<C1>,0.090662497535,0.082624354518,0.069985407944,0.065833254889,0.067639611235,0.057367676062,0.069060773481,0.070867844523,0.070068268156,0.068039800893,0.066740823383,0.062066185374,0.062086947359,0.066527739199,0.06743895462,0.059455237417
Valores constantes|Participación porcentual|B.1bV---Valor agregado bruto|Zacatecas<C1>,0.002600966814,0.002561194626,0.002571372639,0.002267640572,0.002266961051,0.002248374008,0.002342226244,0.002307371034,0.002364519222,0.002264516179,0.002221009014,0.002114954788,0.00214491891,0.002350183555,0.002408394574,0.002330187923
Valores constantes|Índice de volumen físico base 2013=100|B.1bV---Valor agregado bruto|Estados Unidos Mexicanos<C1>,69.962513590967,71.696414091952,74.25021294988,84.829208331453,85.634908371439,92.29243429807,85.526309985443,89.693050031639,92.668297787184,101.740219708314,100,107.157644312272,111.79414490064,111.532170862301,113.197234455737,120.080249732067
Valores constantes|Índice de volumen físico base 2013=100|B.1bV---Valor agregado bruto|Aguascalientes<C1>,NA,NA,NA,NA,NA,NA,NA,NA,NA,NA,NA,NA,NA,NA,NA,NA
Valores constantes|Índice de volumen físico base 2013=100|B.1bV---Valor agregado bruto|Baja California<C1>,94.026245547087,95.300971267926,94.974170565609,100.467873055181,100.539931595133,96.619338076341,89.370857902589,92.850980909561,97.265835117882,103.028488496006,100,102.962519410135,110.672783184987,121.42168454598,126.051699465143,125.816240574033
Valores constantes|Índice de volumen físico base 2013=100|B.1bV---Valor agregado bruto|Baja California Sur<C1>,NA,NA,NA,NA,NA,NA,NA,NA,NA,NA,NA,NA,NA,NA,NA,NA
Valores constantes|Índice de volumen físico base 2013=100|B.1bV---Valor agregado bruto|Campeche<C1>,63.297498449452,65.345725186536,69.176236209521,76.04055857312,79.435224688481,83.187738455466,82.383333020091,82.893604225008,89.404777566862,102.693818482531,100,96.146935553593,90.1247956096,86.051647339636,82.04484372357,81.927002086192
Valores constantes|Índice de volumen físico base 2013=100|B.1bV---Valor agregado bruto|Coahuila de Zaragoza<C1>,84.097096660224,84.381819315419,87.391150736746,89.346800507097,89.251200199514,90.013924392626,79.863665648316,85.105056424964,93.63218820791,102.26531163622,100,100.98094228651,106.833343724671,117.891805391026,120.5291269198,125.275890018081
Valores constantes|Índice de volumen físico base 2013=100|B.1bV---Valor agregado bruto|Colima<C1>,NA,NA,NA,NA,NA,NA,NA,NA,NA,NA,NA,NA,NA,NA,NA,NA
Valores constantes|Índice de volumen físico base 2013=100|B.1bV---Valor agregado bruto|Chiapas<C1>,NA,NA,NA,NA,NA,NA,NA,NA,NA,NA,NA,NA,NA,NA,NA,NA
Valores constantes|Índice de volumen físico base 2013=100|B.1bV---Valor agregado bruto|Chihuahua<C1>,97.369197067992,97.341814811694,101.628191086022,106.685483191507,106.070435588508,102.186367849018,88.282500631898,92.170781026203,95.734686999747,102.074732496419,100,101.539725334906,108.581177858286,120.951638722723,123.348639312495,124.441823237004
Valores constantes|Índice de volumen físico base 2013=100|B.1bV---Valor agregado bruto|Ciudad de México<C1>,63.881257089104,66.381526731362,68.642772789355,82.369824664678,82.449322984317,91.222982023428,83.504748624175,88.146548881544,89.886653539311,100.711564383179,100,110.942646974789,115.323242181627,108.730847318666,109.025795998417,118.480612197376
Valores constantes|Índice de volumen físico base 2013=100|B.1bV---Valor agregado bruto|Durango<C1>,91.340316843218,91.328099518834,93.098738888507,93.080849234945,93.00819978816,93.458495458319,88.153667760772,90.187415937718,94.512130603198,102.952120087572,100,100.409171283615,104.581496644054,115.444007020598,117.630035419332,118.369619877587
Valores constantes|Índice de volumen físico base 2013=100|B.1bV---Valor agregado bruto|Guanajuato<C1>,79.534020107312,80.221082404228,83.005659686483,86.890747580289,87.99644791964,89.890698566194,85.516046350036,88.967215336222,94.238248870513,100.837276084869,100,104.628083923665,112.237666467727,125.114822727548,130.692626838389,135.365111766555
Valores constantes|Índice de volumen físico base 2013=100|B.1bV---Valor agregado bruto|Guerrero<C1>,NA,NA,NA,NA,NA,NA,NA,NA,NA,NA,NA,NA,NA,NA,NA,NA
Valores constantes|Índice de volumen físico base 2013=100|B.1bV---Valor agregado bruto|Hidalgo<C1>,NA,NA,NA,NA,NA,NA,NA,NA,NA,NA,NA,NA,NA,NA,NA,NA
Valores constantes|Índice de volumen físico base 2013=100|B.1bV---Valor agregado bruto|Jalisco<C1>,83.923314144162,84.917907811829,87.577830775554,91.678292937285,92.981274015588,95.366453526138,91.542691945301,93.172513352737,97.69236002576,102.743147490077,100,100.633829791398,105.865045792129,117.323935392418,122.156083731516,124.722344154386
Valores constantes|Índice de volumen físico base 2013=100|B.1bV---Valor agregado bruto|México<C1>,87.48766066014,84.767202393915,82.934844969253,88.385157639558,91.924848584002,91.306582713096,88.954121422421,92.45379587388,97.229465846144,104.761520494082,100,98.259724726324,102.151936654555,110.970709474734,114.313744780998,115.260986019652
Valores constantes|Índice de volumen físico base 2013=100|B.1bV---Valor agregado bruto|Michoacán de Ocampo<C1>,81.844276578831,82.859693847582,85.448949142985,89.395879591014,92.239282903161,95.184502061771,96.280980408282,98.599248912333,102.365652032597,107.487772308439,100,98.802097406437,102.7462866586,112.622815364794,116.014457850198,118.108731492033
Valores constantes|Índice de volumen físico base 2013=100|B.1bV---Valor agregado bruto|Morelos<C1>,NA,NA,NA,NA,NA,NA,NA,NA,NA,NA,NA,NA,NA,NA,NA,NA
Valores constantes|Índice de volumen físico base 2013=100|B.1bV---Valor agregado bruto|Nayarit<C1>,71.810650887574,73.869822485207,78.615384615385,82.461538461539,85.727810650888,91.313609467456,89.810650887574,92.94674556213,97.692307692308,103.881656804734,100,101.502958579882,106.532544378698,116.733727810651,118.91124260355,120.508875739645
Valores constantes|Índice de volumen físico base 2013=100|B.1bV---Valor agregado bruto|Nuevo León<C1>,79.830519113469,80.210155833415,83.581134069132,89.034860597501,91.297756010301,94.484115477349,88.710164839107,92.54017131447,98.031942212491,103.693015963036,100,100.545141790983,105.852838837503,116.986823528492,121.297613333516,123.788275803461
Valores constantes|Índice de volumen físico base 2013=100|B.1bV---Valor agregado bruto|Oaxaca<C1>,NA,NA,NA,NA,NA,NA,NA,NA,NA,NA,NA,NA,NA,NA,NA,NA
Valores constantes|Índice de volumen físico base 2013=100|B.1bV---Valor agregado bruto|Puebla<C1>,92.968931876782,88.340558989023,85.329942326529,87.56308722179,88.286531289944,86.023956672421,86.256319703419,91.717949055833,96.299322237889,104.291907704877,100,98.651943020544,103.733621481062,113.342206174971,119.970921677406,119.365196498302
Valores constantes|Índice de volumen físico base 2013=100|B.1bV---Valor agregado bruto|Querétaro<C1>,68.299493559651,68.526119834424,68.860277964064,74.763545544944,77.874453668802,78.045579631385,76.213491200888,83.433734939759,91.891751266101,100.770644959878,100,101.157412760447,107.859653585551,120.746710450246,129.226117521911,131.02640889855
Valores constantes|Índice de volumen físico base 2013=100|B.1bV---Valor agregado bruto|Quintana Roo<C1>,66.542979449084,72.953645798477,79.795606253269,82.979498657783,88.548893631472,95.136043545832,90.150878575837,91.765504899154,95.620629738968,100.989745610839,100,102.721614527175,110.944459729772,125.814191559029,136.660990439647,146.510607604161
Valores constantes|Índice de volumen físico base 2013=100|B.1bV---Valor agregado bruto|San Luis Potosí<C1>,80.93383165763,77.93072590409,74.340685371374,81.373374743381,84.542296152024,80.375848818235,82.899931568142,89.408854029584,95.344001684477,102.80044217508,100,100.292151392325,105.411380744328,114.973416855293,122.090330052114,119.510975417171
Valores constantes|Índice de volumen físico base 2013=100|B.1bV---Valor agregado bruto|Sinaloa<C1>,84.251732567617,84.846324973933,88.159664302174,92.025136535031,92.805377693525,96.621887618114,93.210528043832,93.940021809903,97.226999270347,103.253028984985,100,101.110864245306,106.579437679365,118.552634640769,121.87767264553,124.21871488604
Valores constantes|Índice de volumen físico base 2013=100|B.1bV---Valor agregado bruto|Sonora<C1>,79.81172305588,81.988976948143,86.28877177455,91.322363921632,92.931568572233,93.802952890534,86.184173472261,90.421209317295,95.392042483003,101.615641469204,100,98.909763849218,102.164380255059,111.205696584463,114.905258076196,115.433077201593
Valores constantes|Índice de volumen físico base 2013=100|B.1bV---Valor agregado bruto|Tabasco<C1>,68.158238792122,71.599679473662,76.652186748766,81.438994559487,82.573489097887,87.900130741006,85.411834169795,87.140989414196,91.603053435115,99.93252077095,100,100.805533296782,101.30741006284,104.601239930834,100.054826873603,97.49061616971
Valores constantes|Índice de volumen físico base 2013=100|B.1bV---Valor agregado bruto|Tamaulipas<C1>,94.69696969697,94.69696969697,96.969696969697,103.030303030303,103.030303030303,102.272727272727,93.939393939394,96.969696969697,99.242424242424,103.787878787879,100,99.242424242424,103.030303030303,112.121212121212,115.909090909091,117.424242424242
Valores constantes|Índice de volumen físico base 2013=100|B.1bV---Valor agregado bruto|Tlaxcala<C1>,NA,NA,NA,NA,NA,NA,NA,NA,NA,NA,NA,NA,NA,NA,NA,NA
Valores constantes|Índice de volumen físico base 2013=100|B.1bV---Valor agregado bruto|Veracruz de Ignacio de la Llave<C1>,85.132216567904,84.522427547481,85.404546252177,89.69129219929,91.402211033571,92.328199451966,92.583318710095,94.951945790532,97.654995073094,104.014078803504,100,98.211802977741,100.075590891298,105.761780705425,104.938042465883,103.589554958627
Valores constantes|Índice de volumen físico base 2013=100|B.1bV---Valor agregado bruto|Yucatán<C1>,95.038926619182,88.759317541825,77.859864170946,83.675666721882,86.788139804539,79.330793440451,88.499254596654,95.239357296671,97.288388272321,103.720390922644,100,99.652145105185,103.998674838496,111.176080834852,114.381315222793,106.972005963227
Valores constantes|Índice de volumen físico base 2013=100|B.1bV---Valor agregado bruto|Zacatecas<C1>,81.931309109009,82.677949228472,85.963165754107,86.610253857641,87.406669985067,93.429566948731,90.19412643106,93.18068690891,98.656047784968,103.733200597312,100,102.040816326531,107.964161274266,118.018914883026,122.747635639622,125.983076157292
Valores constantes|Variación porcentual anual|B.1bV---Valor agregado bruto|Estados Unidos Mexicanos<C1>,NA,2.478327910175,3.561961766529,14.247764364951,0.949790827751,7.774313131456,-7.331179813477,4.871881000016,3.317144142713,9.789671481788,-1.710454049837,7.157644312272,4.326803391512,-0.23433609924,1.492899833799,6.080550739092
Valores constantes|Variación porcentual anual|B.1bV---Valor agregado bruto|Aguascalientes<C1>,NA,NA,NA,NA,NA,NA,NA,NA,NA,NA,NA,NA,NA,NA,NA,NA
Valores constantes|Variación porcentual anual|B.1bV---Valor agregado bruto|Baja California<C1>,NA,1.355712666631,-0.34291434596,5.784417444085,0.071722967513,-3.899538677408,-7.502100840336,3.894024393013,4.754773902304,5.924642883228,-2.939467073831,2.962519410135,7.488417939871,9.712325877833,3.813169728682,-0.186795491143
Valores constantes|Variación porcentual anual|B.1bV---Valor agregado bruto|Baja California Sur<C1>,NA,NA,NA,NA,NA,NA,NA,NA,NA,NA,NA,NA,NA,NA,NA,NA
Valores constantes|Variación porcentual anual|B.1bV---Valor agregado bruto|Campeche<C1>,NA,3.235873118619,5.861915239368,9.92294860161,4.464283507461,4.723992135354,-0.966975963418,0.619386453802,7.85485611674,14.863904678618,-2.623155436556,-3.853064446407,-6.263475699271,-4.519453544847,-4.656277642486,-0.143630765847
Valores constantes|Variación porcentual anual|B.1bV---Valor agregado bruto|Coahuila de Zaragoza<C1>,NA,0.338564191277,3.566326781932,2.237812128418,-0.106999139354,0.854581441378,-11.276320650165,6.562922868741,10.019536019536,9.220251703549,-2.215131993416,0.98094228651,5.795550433225,10.351133158253,2.23706942143,3.938270540564
Valores constantes|Variación porcentual anual|B.1bV---Valor agregado bruto|Colima<C1>,NA,NA,NA,NA,NA,NA,NA,NA,NA,NA,NA,NA,NA,NA,NA,NA
Valores constantes|Variación porcentual anual|B.1bV---Valor agregado bruto|Chiapas<C1>,NA,NA,NA,NA,NA,NA,NA,NA,NA,NA,NA,NA,NA,NA,NA,NA
Valores constantes|Variación porcentual anual|B.1bV---Valor agregado bruto|Chihuahua<C1>,NA,-0.028122093149,4.403427532782,4.976268938216,-0.576505429417,-3.661781643434,-13.606381663025,4.404361415313,3.866633149751,6.622516556291,-2.032562266565,1.539725334906,6.934677536457,11.392822502425,1.981784302457,0.886255357661
Valores constantes|Variación porcentual anual|B.1bV---Valor agregado bruto|Ciudad de México<C1>,NA,3.91393306298,3.406438762917,19.997810865606,0.09651388717,10.641274811656,-8.460843120948,5.558726101027,1.974104125285,12.042845536722,-0.706536918116,10.942646974789,3.948522345815,-5.71644946695,0.271264951046,8.672090960103
Valores constantes|Variación porcentual anual|B.1bV---Valor agregado bruto|Durango<C1>,NA,-0.013375609814,1.938767344335,-0.019215785064,-0.078049832358,0.484146205587,-5.676132139226,2.307048848455,4.795252885909,8.930059486024,-2.867468960388,0.409171283615,4.155322972096,10.386646515028,1.893583266166,0.628737767202
Valores constantes|Variación porcentual anual|B.1bV---Valor agregado bruto|Guanajuato<C1>,NA,0.863859636403,3.471129033418,4.680509628476,1.27251792641,2.152644443426,-4.866635020014,4.035697548574,5.924692050179,7.002493460403,-0.830323980751,4.628083923665,7.272982796487,11.473114743992,4.458148114862,3.575171026246
Valores constantes|Variación porcentual anual|B.1bV---Valor agregado bruto|Guerrero<C1>,NA,NA,NA,NA,NA,NA,NA,NA,NA,NA,NA,NA,NA,NA,NA,NA
Valores constantes|Variación porcentual anual|B.1bV---Valor agregado bruto|Hidalgo<C1>,NA,NA,NA,NA,NA,NA,NA,NA,NA,NA,NA,NA,NA,NA,NA,NA
Valores constantes|Variación porcentual anual|B.1bV---Valor agregado bruto|Jalisco<C1>,NA,1.185122010266,3.132346323957,4.682077787745,1.4212536431,2.5652256713,-4.009545746387,1.780394887677,4.851051571306,5.170094634816,-2.669907976434,0.633829791398,5.198267830584,10.824053883459,4.118638130349,2.10080443354
Valores constantes|Variación porcentual anual|B.1bV---Valor agregado bruto|México<C1>,NA,-3.109533671032,-2.161634892876,6.571800637387,4.004847690468,-0.672577524391,-2.576442158685,3.934246548105,5.165466628086,7.746679036432,-4.545104415844,-1.740275273676,3.961146786307,8.632996210342,3.012538463607,0.828632847667
Valores constantes|Variación porcentual anual|B.1bV---Valor agregado bruto|Michoacán de Ocampo<C1>,NA,1.24066985646,3.124867079724,4.619050892509,3.180687214171,3.193020441954,1.151950499042,2.407815639413,3.819910558967,5.003748986243,-6.966161962081,-1.197902593563,3.992009639166,9.612540781168,3.011505683301,1.805183319944
Valores constantes|Variación porcentual anual|B.1bV---Valor agregado bruto|Morelos<C1>,NA,NA,NA,NA,NA,NA,NA,NA,NA,NA,NA,NA,NA,NA,NA,NA
Valores constantes|Variación porcentual anual|B.1bV---Valor agregado bruto|Nayarit<C1>,NA,2.867501647989,6.424223005448,4.892367906067,3.960964408725,6.515737161789,-1.645930533956,3.491896165502,5.105678635091,6.33555420957,-3.73661426293,1.502958579882,4.955112510201,9.575649855588,1.865369018653,1.343550955414
Valores constantes|Variación porcentual anual|B.1bV---Valor agregado bruto|Nuevo León<C1>,NA,0.475553365006,4.20268256643,6.525068831751,2.541583597272,3.490074243105,-6.111027879206,4.317438122575,5.93447237023,5.774723649027,-3.561489584171,0.545141790983,5.278919450483,10.518361919496,3.68485071652,2.053348290619
Valores constantes|Variación porcentual anual|B.1bV---Valor agregado bruto|Oaxaca<C1>,NA,NA,NA,NA,NA,NA,NA,NA,NA,NA,NA,NA,NA,NA,NA,NA
Valores constantes|Variación porcentual anual|B.1bV---Valor agregado bruto|Puebla<C1>,NA,-4.978408156709,-3.407966507058,2.617070672233,0.826197534952,-2.562763067554,0.270114326272,6.331859939298,4.995067191556,8.299731795873,-4.115283533812,-1.348056979456,5.151118472608,9.262748718036,5.848408749166,-0.504893328012
Valores constantes|Variación porcentual anual|B.1bV---Valor agregado bruto|Querétaro<C1>,NA,0.331812525923,0.487636145819,8.572819854083,4.160995978967,0.219745955857,-2.347459573175,9.473708165185,10.137405849623,9.662340276948,-0.764751441439,1.157412760447,6.625555796861,11.947986514228,7.022474599968,1.393132759199
Valores constantes|Variación porcentual anual|B.1bV---Valor agregado bruto|Quintana Roo<C1>,NA,9.633873328888,9.378503815549,3.990059796536,6.711772261553,7.438997421893,-5.240038143475,1.791026719677,4.201061002226,5.615018314069,-0.980045652014,2.721614527175,8.004980490666,13.402861094168,8.621284090618,7.207336294598
Valores constantes|Variación porcentual anual|B.1bV---Valor agregado bruto|San Luis Potosí<C1>,NA,-3.710569105691,-4.606707420042,9.460081430343,3.894297635604,-4.928240092151,3.140349728206,7.851541416644,6.638210185458,7.820565907522,-2.72415382252,0.292151392325,5.104317018764,9.071161048689,6.190051049608,-2.112660874815
Valores constantes|Variación porcentual anual|B.1bV---Valor agregado bruto|Sinaloa<C1>,NA,0.705733150163,3.905106472507,4.384626760383,0.847856561666,4.112380143737,-3.530628161359,0.78263022577,3.499017135737,6.197897456325,-3.15054097392,1.110864245306,5.408492425494,11.23405904751,2.804693472091,1.920813049424
Valores constantes|Variación porcentual anual|B.1bV---Valor agregado bruto|Sonora<C1>,NA,2.727987579893,5.244357212954,5.833426578644,1.762114537444,0.937662337663,-8.122110427764,4.916257445339,5.497419469657,6.524232864927,-1.589953520781,-1.090236150782,3.290490523061,8.849773577476,3.326773362661,0.459351586023
Valores constantes|Variación porcentual anual|B.1bV---Valor agregado bruto|Tabasco<C1>,NA,5.049192500464,7.056605996347,6.244841815681,1.393060590368,6.450789110782,-2.83082237789,2.024491408256,5.120511083148,9.09300184162,0.067524794261,0.805533296782,0.49786628734,3.251321760127,-4.34642367551,-2.562805597707
Valores constantes|Variación porcentual anual|B.1bV---Valor agregado bruto|Tamaulipas<C1>,NA,0,2.4,6.25,0,-0.735294117647,-8.148148148148,3.225806451613,2.34375,4.580152671756,-3.649635036497,-0.757575757576,3.81679389313,8.823529411765,3.378378378379,1.307189542483
Valores constantes|Variación porcentual anual|B.1bV---Valor agregado bruto|Tlaxcala<C1>,NA,NA,NA,NA,NA,NA,NA,NA,NA,NA,NA,NA,NA,NA,NA,NA
Valores constantes|Variación porcentual anual|B.1bV---Valor agregado bruto|Veracruz de Ignacio de la Llave<C1>,NA,-0.7162846746,1.043650460939,5.019341633706,1.907564036963,1.013091924062,0.27631780934,2.558373488267,2.846755019139,6.511785419323,-3.85916872954,-1.788197022259,1.897722938636,5.681894819191,-0.778861923511,-1.285032077566
Valores constantes|Variación porcentual anual|B.1bV---Valor agregado bruto|Yucatán<C1>,NA,-6.607407407408,-12.27978501045,7.469577057272,3.719687221617,-8.592586937435,11.557253821097,7.615999401052,2.151454014192,6.611274751843,-3.586942634471,-0.347854894815,4.361702127659,6.901439857289,2.88302516501,-6.477726930429
Valores constantes|Variación porcentual anual|B.1bV---Valor agregado bruto|Zacatecas<C1>,NA,0.911300121507,3.973509933775,0.752750434279,0.919540229884,6.890660592256,-3.462972828983,3.311258278146,5.876068376069,5.146316851665,-3.598848368522,2.040816326531,5.80487804878,9.313047487321,4.006748207508,2.635847526358
Valores constantes|Contribución a la variación nacional|B.1bV---Valor agregado bruto|Estados Unidos Mexicanos<C1>,NA,2.478327910175,3.561961766529,14.247764364951,0.949790827751,7.774313131456,-7.331179813477,4.871881000016,3.317144142713,9.789671481788,-1.710454049837,7.157644312272,4.326803391512,-0.23433609924,1.492899833799,6.080550739092
Valores constantes|Contribución a la variación nacional|B.1bV---Valor agregado bruto|Aguascalientes<C1>,NA,0,0,0,0,0,0,0,0,0,0,0,0,0,0,0
Valores constantes|Contribución a la variación nacional|B.1bV---Valor agregado bruto|Baja California<C1>,NA,0.001984698857,-0.000496510939,0.008059548404,0.000092530161,-0.004987056117,-0.008555081067,0.004432391717,0.005361679485,0.006773834583,-0.003242474222,0.003227040972,0.007837712937,0.010473414556,0.004521947438,-0.000226580511
Valores constantes|Contribución a la variación nacional|B.1bV---Valor agregado bruto|Baja California Sur<C1>,NA,0,0,0,0,0,0,0,0,0,0,0,0,0,0,0
Valores constantes|Contribución a la variación nacional|B.1bV---Valor agregado bruto|Campeche<C1>,NA,0.017220738965,0.031426675303,0.054379990093,0.023539151733,0.025775708629,-0.005126819793,0.003509461508,0.042701154961,0.084353209209,-0.015574525141,-0.022664462815,-0.033057259172,-0.021431388939,-0.021131827584,-0.000612353365
Valores constantes|Contribución a la variación nacional|B.1bV---Valor agregado bruto|Coahuila de Zaragoza<C1>,NA,0.000216483872,0.002232757266,0.001401077969,-0.000059949119,0.000473789696,-0.005850324269,0.003259985976,0.005057234696,0.004955707795,-0.001184415852,0.000521809982,0.002905225698,0.005261924167,0.00125785868,0.002230646069
Valores constantes|Contribución a la variación nacional|B.1bV---Valor agregado bruto|Colima<C1>,NA,0,0,0,0,0,0,0,0,0,0,0,0,0,0,0
Valores constantes|Contribución a la variación nacional|B.1bV---Valor agregado bruto|Chiapas<C1>,NA,0,0,0,0,0,0,0,0,0,0,0,0,0,0,0
Valores constantes|Contribución a la variación nacional|B.1bV---Valor agregado bruto|Chihuahua<C1>,NA,-0.000020542265,0.003137887456,0.003574907763,-0.000380546579,-0.0023805673,-0.007907041462,0.002386175302,0.002085508434,0.003590919707,-0.001070320747,0.000808142155,0.003448923832,0.005807795646,0.001128008809,0.00050687623
Valores constantes|Contribución a la variación nacional|B.1bV---Valor agregado bruto|Ciudad de México<C1>,NA,2.279521447389,2.011743593918,11.792389368293,0.059777090671,6.535098753781,-5.334258348978,3.461855630552,1.237481788008,7.451014039339,-0.446111860493,6.979826505477,2.607547359564,-3.761372915819,0.168681921806,5.327696947785
Valores constantes|Contribución a la variación nacional|B.1bV---Valor agregado bruto|Durango<C1>,NA,-0.000176979516,0.025029085595,-0.000244183621,-0.000867958978,0.005329165843,-0.058252890975,0.024099594976,0.048866470084,0.092304531417,-0.029407198345,0.004146841618,0.039460929594,0.098474423706,0.0198640567,0.006621620117
Valores constantes|Contribución a la variación nacional|B.1bV---Valor agregado bruto|Guanajuato<C1>,NA,0.003765555235,0.014892244251,0.020063257851,0.004997931951,0.008481739241,-0.01817505531,0.0154726535,0.022533844677,0.027305305732,-0.003155544618,0.01774596152,0.027229269125,0.044167133822,0.019176149747,0.015827430032
Valores constantes|Contribución a la variación nacional|B.1bV---Valor agregado bruto|Guerrero<C1>,NA,0,0,0,0,0,0,0,0,0,0,0,0,0,0,0
Valores constantes|Contribución a la variación nacional|B.1bV---Valor agregado bruto|Hidalgo<C1>,NA,0,0,0,0,0,0,0,0,0,0,0,0,0,0,0
Valores constantes|Contribución a la variación nacional|B.1bV---Valor agregado bruto|Jalisco<C1>,NA,0.016863619585,0.044009064316,0.065509700849,0.018220622322,0.033040053639,-0.049146796567,0.022605327019,0.059777179694,0.064654449674,-0.031983574478,0.007518706971,0.057909525453,0.121588916372,0.05139378622,0.026892762765
Valores constantes|Contribución a la variación nacional|B.1bV---Valor agregado bruto|México<C1>,NA,-0.038888088267,-0.025559519642,0.073411423255,0.041731102738,-0.007220451686,-0.025491554211,0.040923035687,0.053249488992,0.081287207998,-0.046805071925,-0.017404352866,0.036325638082,0.078891284394,0.029976487162,0.008368829319
Valores constantes|Contribución a la variación nacional|B.1bV---Valor agregado bruto|Michoacán de Ocampo<C1>,NA,0.004097391828,0.010195435803,0.015006870196,0.009462838043,0.009709461314,0.003353994257,0.007652306493,0.011854858227,0.015604395271,-0.020777261928,-0.003381815119,0.010391133961,0.024940986546,0.008584959834,0.005223071443
Valores constantes|Contribución a la variación nacional|B.1bV---Valor agregado bruto|Morelos<C1>,NA,0,0,0,0,0,0,0,0,0,0,0,0,0,0,0
Valores constantes|Contribución a la variación nacional|B.1bV---Valor agregado bruto|Nayarit<C1>,NA,0.000274950319,0.000618325735,0.000483900468,0.000359694711,0.000609342606,-0.000152127597,0.000342544125,0.000494260569,0.000623937212,-0.000356411376,0.000140402262,0.000438466236,0.000852429737,0.000182384553,0.000131846418
Valores constantes|Contribución a la variación nacional|B.1bV---Valor agregado bruto|Nuevo León<C1>,NA,0.144216183007,1.249596218647,1.952121488141,0.708973915187,0.988906246547,-1.662716300288,1.19017537949,1.627289444844,1.623599152099,-0.964716490833,0.144884079304,1.316419046041,2.646931790906,1.027230439918,0.584776953949
Valores constantes|Contribución a la variación nacional|B.1bV---Valor agregado bruto|Oaxaca<C1>,NA,0,0,0,0,0,0,0,0,0,0,0,0,0,0,0
Valores constantes|Contribución a la variación nacional|B.1bV---Valor agregado bruto|Puebla<C1>,NA,-0.016650296061,-0.010568589987,0.007569692239,0.002146439093,-0.006649838483,0.000633665344,0.016072428874,0.012855705064,0.021707765777,-0.010617364484,-0.003392870415,0.011935566798,0.021632135153,0.014958506969,-0.001346786747
Valores constantes|Contribución a la variación nacional|B.1bV---Valor agregado bruto|Querétaro<C1>,NA,0.000619428306,0.000891252555,0.015203408232,0.007012743632,0.000382130109,-0.003796002786,0.016143522938,0.01803249905,0.018322041482,-0.001448464523,0.002213270307,0.011960327245,0.022043516558,0.014538229522,0.003041257381
Valores constantes|Contribución a la variación nacional|B.1bV---Valor agregado bruto|Quintana Roo<C1>,NA,0.040868046601,0.042562706363,0.019125235406,0.029282537941,0.034307796095,-0.024091261609,0.008420122381,0.019170161157,0.025841498928,-0.00433887385,0.012138715268,0.034225126889,0.059323967445,0.043375804451,0.038808749055
Valores constantes|Contribución a la variación nacional|B.1bV---Valor agregado bruto|San Luis Potosí<C1>,NA,-0.001802978818,-0.002103232673,0.003978406306,0.001569103017,-0.002043621495,0.001148743033,0.003196647628,0.002779445342,0.003379759312,-0.001156163731,0.000122713788,0.002006627835,0.003592665006,0.002680259946,-0.000957107333
Valores constantes|Contribución a la variación nacional|B.1bV---Valor agregado bruto|Sinaloa<C1>,NA,0.029474990266,0.16027588985,0.180552942493,0.031899447291,0.154566465129,-0.128192056228,0.029581593597,0.127097687766,0.225527652545,-0.110890662465,0.038526601856,0.176990765158,0.371441807964,0.103394199321,0.071725428174
Valores constantes|Contribución a la variación nacional|B.1bV---Valor agregado bruto|Sonora<C1>,NA,0.004275951518,0.008240231236,0.009314711771,0.002606483416,0.001398131446,-0.011342489865,0.006806933445,0.007614817439,0.009227828549,-0.002181933055,-0.00149799264,0.004173166886,0.01111224241,0.004557631373,0.000640675929
Valores constantes|Contribución a la variación nacional|B.1bV---Valor agregado bruto|Tabasco<C1>,NA,0.001289422187,0.001847267407,0.001689929326,0.00035057202,0.001630507863,-0.000706734504,0.000529973929,0.001304059056,0.002356168246,0.000017385921,0.000211156158,0.000122770546,0.000772329031,-0.001068535585,-0.000593797202
Valores constantes|Contribución a la variación nacional|B.1bV---Valor agregado bruto|Tamaulipas<C1>,NA,0,0.000004625878,0.000011911396,0,-0.00000129098,-0.000013176406,0.000005170477,0.00000369771,0.000007157979,-0.0000054331,-0.00000110553,0.000005158426,0.000011866771,0.000004956102,0.00000195328
Valores constantes|Contribución a la variación nacional|B.1bV---Valor agregado bruto|Tlaxcala<C1>,NA,0,0,0,0,0,0,0,0,0,0,0,0,0,0,0
Valores constantes|Contribución a la variación nacional|B.1bV---Valor agregado bruto|Veracruz de Ignacio de la Llave<C1>,NA,-0.002855374868,0.004030681971,0.018913808125,0.006607435461,0.003542449388,0.000905578449,0.009072895148,0.009872885673,0.022480827561,-0.012925345465,-0.005858201476,0.005697997703,0.016662924678,-0.002419568982,-0.003902653981
Valores constantes|Contribución a la variación nacional|B.1bV---Valor agregado bruto|Yucatán<C1>,NA,-0.005990440578,-0.010146093101,0.005227613975,0.00244879117,-0.0058119924,0.006630127934,0.005259668095,0.001524689086,0.004632405722,-0.002440548627,-0.000232161221,0.002707142128,0.004284893331,0.001918011463,-0.004368511325
Valores constantes|Contribución a la variación nacional|B.1bV---Valor agregado bruto|Zacatecas<C1>,NA,0.000023702614,0.000101769323,0.000019356019,0.000020851867,0.000156208592,-0.000077860581,0.00007755716,0.0001355827,0.000121685651,-0.000081496504,0.000045326715,0.000122770546,0.000199757317,0.000094165937,0.000063481609
Valores corrientes|Millones de pesos|B.1bV---Valor agregado bruto|Estados Unidos Mexicanos<C1>,40643.413,47127.757,51858.08899999999,60914.93400000001,62477.883999999984,74026.24100000001,70436.067,74380.21999999999,79580.06900000003,90757.27,90454.38299999999,101260.23200000006,109452.19499999999,112268.97599999997,121940.595,136292.468
Valores corrientes|Millones de pesos|B.1bV---Valor agregado bruto|Aguascalientes<C1>,0,0,0,0,0,0,0,0,0,0,0,0,0,0,0,0
Valores corrientes|Millones de pesos|B.1bV---Valor agregado bruto|Baja California<C1>,61.616,75.31,80.75,88.025,87.057,97.306,87.129,87.654,93.983,101.558,98.531,105.298,118.028,134.284,155.037,168.224
Valores corrientes|Millones de pesos|B.1bV---Valor agregado bruto|Baja California Sur<C1>,0,0,0,0,0,0,0,0,0,0,0,0,0,0,0,0
Valores corrientes|Millones de pesos|B.1bV---Valor agregado bruto|Campeche<C1>,208.612,247.265,280.098,317.857,341.015,397.812,400.953,411.105,459.602,540.233,532.07,536.991,524.119,519.481,536.59,572.48
Valores corrientes|Millones de pesos|B.1bV---Valor agregado bruto|Coahuila de Zaragoza<C1>,26.26,30.017,32.888,34.635,35.526,39.295,35.777,38.613,43.471,48.626,48.117,50.479,55.077,62.765,69.669,76.646
Valores corrientes|Millones de pesos|B.1bV---Valor agregado bruto|Colima<C1>,0,0,0,0,0,0,0,0,0,0,0,0,0,0,0,0
Valores corrientes|Millones de pesos|B.1bV---Valor agregado bruto|Chiapas<C1>,0,0,0,0,0,0,0,0,0,0,0,0,0,0,0,0
Valores corrientes|Millones de pesos|B.1bV---Valor agregado bruto|Chihuahua<C1>,29.829,34.577,38.479,41.543,42.086,45.011,39.268,41.152,43.805,47.898,47.476,49.771,54.84,62.932,69.572,74.884
Valores corrientes|Millones de pesos|B.1bV---Valor agregado bruto|Ciudad de México<C1>,23540.352,27170.346,29875.085,36994.351,37652.465,45281.376,42721.842,45757.009,48501.563,57028.03,57696.817,67236.982,72339.782,70053.136,74730.08,85177.125
Valores corrientes|Millones de pesos|B.1bV---Valor agregado bruto|Durango<C1>,509.407,594.417,653.025,671.134,685.716,780.833,743.096,761.642,828.633,931.428,916.731,951.479,1039.15,1183.738,1313.402,1420.59
Valores corrientes|Millones de pesos|B.1bV---Valor agregado bruto|Guanajuato<C1>,170.621,198.015,219.158,237.618,246.651,280.245,270.657,284.218,311.988,343.824,346.839,375.472,419.072,484.112,549.536,606.51
Valores corrientes|Millones de pesos|B.1bV---Valor agregado bruto|Guerrero<C1>,0,0,0,0,0,0,0,0,0,0,0,0,0,0,0,0
Valores corrientes|Millones de pesos|B.1bV---Valor agregado bruto|Hidalgo<C1>,0,0,0,0,0,0,0,0,0,0,0,0,0,0,0,0
Valores corrientes|Millones de pesos|B.1bV---Valor agregado bruto|Jalisco<C1>,554.109,651.57,721.639,777.537,807.233,922.073,891.351,919.207,997.103,1079.476,1073.001,1120.713,1232.828,1428.624,1614.2,1761.595
Valores corrientes|Millones de pesos|B.1bV---Valor agregado bruto|México<C1>,503.209,585.414,618.311,669.902,696.268,808.639,764.305,781.34,853.925,942.414,904.627,922.096,1006.285,1126.154,1283.651,1406.352
Valores corrientes|Millones de pesos|B.1bV---Valor agregado bruto|Michoacán de Ocampo<C1>,127.738,151.446,168.938,181.55,191.308,223.301,227.731,230.984,251.118,271.145,255.363,260.346,281.261,319.167,358.973,390.384
Valores corrientes|Millones de pesos|B.1bV---Valor agregado bruto|Morelos<C1>,0,0,0,0,0,0,0,0,0,0,0,0,0,0,0,0
Valores corrientes|Millones de pesos|B.1bV---Valor agregado bruto|Nayarit<C1>,3.677,4.342,4.959,5.381,5.763,6.791,6.888,7.255,7.908,8.638,8.45,8.867,9.669,10.977,11.948,12.839
Valores corrientes|Millones de pesos|B.1bV---Valor agregado bruto|Nuevo León<C1>,12630.658,14692.702,16179.9,17673.609,18349.784,21243.642,20403.056,21122.69,22980.195,24809.236,24040.351,24968.585,27259.565,31044.583,34735.289,37562.985
Valores corrientes|Millones de pesos|B.1bV---Valor agregado bruto|Oaxaca<C1>,0,0,0,0,0,0,0,0,0,0,0,0,0,0,0,0
Valores corrientes|Millones de pesos|B.1bV---Valor agregado bruto|Puebla<C1>,127.505,147.468,157.18,165.654,166.625,196.444,189.375,194.294,214.381,237.773,227.661,231.667,256.278,289.854,339.024,368.308
Valores corrientes|Millones de pesos|B.1bV---Valor agregado bruto|Querétaro<C1>,70.691,85.664,94.23,105.619,110.302,131.134,124.813,134.329,153.46,172.554,172.972,180.607,202.124,235.159,277.421,308.346
Valores corrientes|Millones de pesos|B.1bV---Valor agregado bruto|Quintana Roo<C1>,170.386,214.824,250.573,271.335,292.699,348.422,341.999,349.029,374.061,403.612,403.437,433.028,484.33,567.262,657.573,742.102
Valores corrientes|Millones de pesos|B.1bV---Valor agregado bruto|San Luis Potosí<C1>,19.338,23.343,24.731,27.523,27.878,33.141,31.419,32.024,35.297,39.042,37.994,39.261,43.308,48.537,57.835,63.099
Valores corrientes|Millones de pesos|B.1bV---Valor agregado bruto|Sinaloa<C1>,1629.625,1913.292,2122.943,2286.637,2363.67,2754.988,2727.33,2785.832,2956.289,3234.754,3137.107,3270.686,3573.809,4091.609,4517.532,4876.764
Valores corrientes|Millones de pesos|B.1bV---Valor agregado bruto|Sonora<C1>,62.624,74.162,83.762,91.382,95.055,106.671,99.414,104.892,113.181,123.248,124.285,125.888,134.339,150.116,166.699,177.719
Valores corrientes|Millones de pesos|B.1bV---Valor agregado bruto|Tabasco<C1>,9.798,11.778,13.556,14.92,15.59,17.973,18.1,19.003,20.721,23.261,23.711,25.038,26.108,27.765,28.296,28.906
Valores corrientes|Millones de pesos|B.1bV---Valor agregado bruto|Tamaulipas<C1>,0.08,0.094,0.104,0.113,0.115,0.13,0.119,0.122,0.128,0.136,0.132,0.134,0.144,0.161,0.182,0.199
Valores corrientes|Millones de pesos|B.1bV---Valor agregado bruto|Tlaxcala<C1>,0,0,0,0,0,0,0,0,0,0,0,0,0,0,0,0
Valores corrientes|Millones de pesos|B.1bV---Valor agregado bruto|Veracruz de Ignacio de la Llave<C1>,150,176.87,192.811,210.298,217.401,252.716,254.355,261.159,278.941,304.854,296.332,302.267,321.021,350.712,376.281,398.18
Valores corrientes|Millones de pesos|B.1bV---Valor agregado bruto|Yucatán<C1>,36.233,43.639,43.634,46.928,46.239,56.617,55.431,54.932,58.409,63.467,60.37,62.445,68.736,75.218,88.858,95.001
Valores corrientes|Millones de pesos|B.1bV---Valor agregado bruto|Zacatecas<C1>,1.045,1.202,1.335,1.383,1.438,1.681,1.659,1.735,1.907,2.063,2.009,2.132,2.322,2.63,2.947,3.23
Valores corrientes|Participación porcentual|B.1bV---Valor agregado bruto|Estados Unidos Mexicanos<C1>,100,100,100,100,100,100,100,100,100,100,100,100,100,100,100,100
Valores corrientes|Participación porcentual|B.1bV---Valor agregado bruto|Aguascalientes<C1>,0,0,0,0,0,0,0,0,0,0,0,0,0,0,0,0
Valores corrientes|Participación porcentual|B.1bV---Valor agregado bruto|Baja California<C1>,0.151601441542,0.159799669651,0.155713412424,0.144504794177,0.139340506474,0.131447982074,0.123699410985,0.117845846651,0.118098666137,0.111900677488,0.108928939353,0.103987516047,0.107835206046,0.119609178586,0.127141416687,0.123428684262
Valores corrientes|Participación porcentual|B.1bV---Valor agregado bruto|Baja California Sur<C1>,0,0,0,0,0,0,0,0,0,0,0,0,0,0,0,0
Valores corrientes|Participación porcentual|B.1bV---Valor agregado bruto|Campeche<C1>,0.513273823731,0.524669569995,0.540124029638,0.521804718692,0.54581714067,0.537393219791,0.569243878992,0.552707426786,0.577534055669,0.595250386002,0.588219146882,0.530307890268,0.478856545545,0.462711087701,0.440042136911,0.420037884999
Valores corrientes|Participación porcentual|B.1bV---Valor agregado bruto|Coahuila de Zaragoza<C1>,0.06461071564,0.06369282544,0.06341922858,0.056857978374,0.056861720861,0.053082527857,0.050793579943,0.051912995148,0.054625486691,0.053578076996,0.053194768904,0.049850764711,0.05032059887,0.05590591652,0.057133557533,0.056236416527
Valores corrientes|Participación porcentual|B.1bV---Valor agregado bruto|Colima<C1>,0,0,0,0,0,0,0,0,0,0,0,0,0,0,0,0
Valores corrientes|Participación porcentual|B.1bV---Valor agregado bruto|Chiapas<C1>,0,0,0,0,0,0,0,0,0,0,0,0,0,0,0,0
Valores corrientes|Participación porcentual|B.1bV---Valor agregado bruto|Chihuahua<C1>,0.073391966369,0.073368651939,0.074200574572,0.068198383011,0.067361436248,0.060804114044,0.055749847589,0.055326537082,0.05504518977,0.052775937399,0.052486124415,0.049151576109,0.050104065981,0.056054666429,0.057054010602,0.054943608476
Valores corrientes|Participación porcentual|B.1bV---Valor agregado bruto|Ciudad de México<C1>,57.919230355974,57.65253372869,57.609305657214,60.731168156564,60.265269227108,61.169357498512,60.653361011767,61.51771129475,60.946872262702,62.835770622012,63.785540386694,66.400185612848,66.09258224561,62.397590586379,61.284004723776,62.495841663092
Valores corrientes|Participación porcentual|B.1bV---Valor agregado bruto|Durango<C1>,1.253356847763,1.261288543819,1.259253884192,1.101756098102,1.09753396898,1.054805687081,1.054993601502,1.023984602358,1.041256950908,1.026284726281,1.013473277464,0.939637388941,0.949409922752,1.054376767452,1.07708347659,1.04230998297
Valores corrientes|Participación porcentual|B.1bV---Valor agregado bruto|Guanajuato<C1>,0.419799882456,0.420166400026,0.422611022169,0.390081683418,0.39478129573,0.378575213619,0.384259104075,0.382115030044,0.39204288702,0.378839072616,0.383440789154,0.370799071446,0.382881311791,0.431207282054,0.450658781844,0.445006249355
Valores corrientes|Participación porcentual|B.1bV---Valor agregado bruto|Guerrero<C1>,0,0,0,0,0,0,0,0,0,0,0,0,0,0,0,0
Valores corrientes|Participación porcentual|B.1bV---Valor agregado bruto|Hidalgo<C1>,0,0,0,0,0,0,0,0,0,0,0,0,0,0,0,0
Valores corrientes|Participación porcentual|B.1bV---Valor agregado bruto|Jalisco<C1>,1.363342689749,1.382561024493,1.391564968775,1.276430833858,1.292029992565,1.245602893709,1.265475257158,1.235821835429,1.252955686681,1.189409950299,1.18623439176,1.106765190899,1.126362061537,1.272501140475,1.323759327236,1.292510896494
Valores corrientes|Participación porcentual|B.1bV---Valor agregado bruto|México<C1>,1.238107144201,1.24218515216,1.192313507735,1.099733605556,1.114423145317,1.09236804284,1.085104595633,1.050467449545,1.073038778089,1.038389541686,1.000091946899,0.910620074424,0.919383115158,1.003085660993,1.052685531016,1.031863330848
Valores corrientes|Participación porcentual|B.1bV---Valor agregado bruto|Michoacán de Ocampo<C1>,0.314289550437,0.321352021909,0.325769813847,0.298038572938,0.306201151115,0.301651140168,0.323315894398,0.310544927133,0.315553885735,0.29875843555,0.282311361297,0.257105869558,0.256971548172,0.28428779826,0.294383506986,0.286431088767
Valores corrientes|Participación porcentual|B.1bV---Valor agregado bruto|Morelos<C1>,0,0,0,0,0,0,0,0,0,0,0,0,0,0,0,0
Valores corrientes|Participación porcentual|B.1bV---Valor agregado bruto|Nayarit<C1>,0.009046976444,0.009213254091,0.009562635445,0.00883363019,0.00922406399,0.009173773932,0.009779080936,0.00975393727,0.009937161527,0.009517694836,0.00934172532,0.008756645946,0.00883399369,0.009777411705,0.00979821363,0.009420183073
Valores corrientes|Participación porcentual|B.1bV---Valor agregado bruto|Nuevo León<C1>,31.076765132889,31.176323541135,31.200339835122,29.013589672444,29.370047167411,28.69744797659,28.966773513916,28.398262333723,28.876822160081,27.33581122482,26.577320194644,24.657839022135,24.905453015355,27.65196949868,28.485418658159,27.560572899744
Valores corrientes|Participación porcentual|B.1bV---Valor agregado bruto|Oaxaca<C1>,0,0,0,0,0,0,0,0,0,0,0,0,0,0,0,0
Valores corrientes|Participación porcentual|B.1bV---Valor agregado bruto|Puebla<C1>,0.31371627181,0.312911136424,0.303096398327,0.271943165858,0.266694371403,0.265370762241,0.268860838014,0.261217296749,0.269390316814,0.261987827532,0.251685979661,0.228783793424,0.234146058012,0.258178180943,0.27802390172,0.270233568593
Valores corrientes|Participación porcentual|B.1bV---Valor agregado bruto|Querétaro<C1>,0.173929782915,0.1817697371,0.181707428517,0.173387695044,0.176545671745,0.177145290952,0.177200410693,0.180597744938,0.192837229131,0.190126917656,0.191225670071,0.178359259536,0.184668749677,0.209460358844,0.227505040467,0.226238474161
Valores corrientes|Participación porcentual|B.1bV---Valor agregado bruto|Quintana Roo<C1>,0.419221682982,0.455833278889,0.483189806705,0.445432642183,0.468484175937,0.470673635853,0.485545281794,0.469249754841,0.470043573347,0.444715888876,0.446011554797,0.427638759508,0.442503688482,0.50527048541,0.539256840595,0.544492304593
Valores corrientes|Participación porcentual|B.1bV---Valor agregado bruto|San Luis Potosí<C1>,0.047579665615,0.049531319727,0.047689763501,0.04518268049,0.044620589263,0.044769259593,0.044606408816,0.04305445722,0.044354070615,0.04301804142,0.042003492523,0.038772378084,0.039567959327,0.043232780532,0.047428832047,0.046296762342
Valores corrientes|Participación porcentual|B.1bV---Valor agregado bruto|Sinaloa<C1>,4.009567306761,4.059798559902,4.093754785295,3.753820040255,3.78321071181,3.721637034089,3.872064577371,3.74539360061,3.714861066532,3.564181690348,3.468164721216,3.229980749007,3.265178007622,3.644469866724,3.704698997081,3.578161047021
Valores corrientes|Participación porcentual|B.1bV---Valor agregado bruto|Sonora<C1>,0.15408154822,0.157363737892,0.161521570916,0.150015758041,0.152141836302,0.144098901361,0.141140759605,0.141021362938,0.142222797017,0.135799589388,0.137400749282,0.124321263653,0.122737602476,0.133711026277,0.136705089884,0.130395320158
Valores corrientes|Participación porcentual|B.1bV---Valor agregado bruto|Tabasco<C1>,0.024107227412,0.024991641338,0.026140569893,0.024493172725,0.024952829709,0.024279228227,0.025697062274,0.025548458985,0.026037926657,0.025629902706,0.026213212908,0.024726390119,0.023853336153,0.024730785823,0.02320474162,0.021208802235
Valores corrientes|Participación porcentual|B.1bV---Valor agregado bruto|Tamaulipas<C1>,0.000196833863,0.000199457827,0.000200547305,0.000185504592,0.000184065133,0.000175613402,0.000168947536,0.000164022102,0.000160844294,0.000149850254,0.00014592991,0.000132332306,0.000131564287,0.000143405601,0.000149253003,0.000146009536
Valores corrientes|Participación porcentual|B.1bV---Valor agregado bruto|Tlaxcala<C1>,0,0,0,0,0,0,0,0,0,0,0,0,0,0,0,0
Valores corrientes|Participación porcentual|B.1bV---Valor agregado bruto|Veracruz de Ignacio de la Llave<C1>,0.369063493757,0.375298998423,0.37180506208,0.34523225454,0.347964729407,0.341387049492,0.361114711303,0.351113508403,0.350516157507,0.335900363684,0.32760380445,0.29850514267,0.293297909649,0.312385498199,0.308577303563,0.292151140737
Valores corrientes|Participación porcentual|B.1bV---Valor agregado bruto|Yucatán<C1>,0.089148517129,0.092597235213,0.084141164554,0.077038579735,0.074008588383,0.076482338202,0.078696898281,0.073852967899,0.073396518417,0.06993048601,0.066740823383,0.06166784212,0.06280001968,0.066998028022,0.072869908499,0.069703778495
Valores corrientes|Participación porcentual|B.1bV---Valor agregado bruto|Zacatecas<C1>,0.00257114234,0.002550513915,0.002574333196,0.002270379214,0.00230161444,0.002270816372,0.002355327421,0.002332609395,0.002396328659,0.002273096139,0.002221009014,0.002105466241,0.002121474128,0.002342588392,0.00241675055,0.002369903522
Índice de precios implícitos base 2013=100|B.1bV---Valor agregado bruto|Estados Unidos Mexicanos<C1>,64.223674613047,72.669089691448,77.212780058512,79.38688264023,80.657704786107,88.672709717834,91.047022441009,91.678827510395,94.938750183617,98.618669036484,100,104.468689002254,108.237013717513,111.283298649045,119.092079194577,125.478886992137
Índice de precios implícitos base 2013=100|B.1bV---Valor agregado bruto|Aguascalientes<C1>,NA,NA,NA,NA,NA,NA,NA,NA,NA,NA,NA,NA,NA,NA,NA,NA
Índice de precios implícitos base 2013=100|B.1bV---Valor agregado bruto|Baja California<C1>,66.507636677641,80.201488802036,86.290727620513,88.921326975917,87.880439720178,102.21218487395,98.94501351382,95.810333708614,98.065465321327,100.042358272177,100,103.793001478561,108.235898282392,112.241929821629,124.828502415459,135.699535363965
Índice de precios implícitos base 2013=100|B.1bV---Valor agregado bruto|Baja California Sur<C1>,NA,NA,NA,NA,NA,NA,NA,NA,NA,NA,NA,NA,NA,NA,NA,NA
Índice de precios implícitos base 2013=100|B.1bV---Valor agregado bruto|Campeche<C1>,61.941820794746,71.117534549952,76.099938597969,78.562936708611,80.684773016035,89.877252794177,91.471402140362,93.210097675558,96.616746829908,98.870796829446,100,104.969417615219,109.299163550749,113.45971978028,122.9199882713,131.330162946854
Índice de precios implícitos base 2013=100|B.1bV---Valor agregado bruto|Coahuila de Zaragoza<C1>,64.895588780428,73.929855672134,78.211652794293,80.563373729385,82.724414949354,90.725434059845,93.101384407203,94.29304029304,96.488580116751,98.819273680574,100,103.889769289345,107.143274000584,110.645911927511,120.129321493232,127.152076179101
Índice de precios implícitos base 2013=100|B.1bV---Valor agregado bruto|Colima<C1>,NA,NA,NA,NA,NA,NA,NA,NA,NA,NA,NA,NA,NA,NA,NA,NA
Índice de precios implícitos base 2013=100|B.1bV---Valor agregado bruto|Chiapas<C1>,NA,NA,NA,NA,NA,NA,NA,NA,NA,NA,NA,NA,NA,NA,NA,NA
Índice de precios implícitos base 2013=100|B.1bV---Valor agregado bruto|Chihuahua<C1>,64.527224349406,74.819318821136,79.750875665817,82.019743336624,83.573612931411,92.779403883415,93.689308806337,94.042368427066,96.378517524367,98.838241059821,100,103.244342107993,106.382153249273,109.593716803371,118.802616075545,126.750169262018
Índice de precios implícitos base 2013=100|B.1bV---Valor agregado bruto|Ciudad de México<C1>,63.868636388647,70.940799312209,75.433190433609,77.842256438627,79.150646191711,86.032688730328,88.672089351045,89.970567516029,93.520897814879,98.142512635274,100,105.040754642654,108.719763070157,111.666512949436,118.799421611336,124.601661315987
Índice de precios implícitos base 2013=100|B.1bV---Valor agregado bruto|Durango<C1>,60.835975613397,70.997798701198,76.51456122981,78.651495779332,80.423158795968,91.137572467532,91.95230482149,92.121929035192,95.638499484085,98.68975645109,100,103.367474866429,108.388067142921,111.851620175922,121.797262672358,130.914147692767
Índice de precios implícitos base 2013=100|B.1bV---Valor agregado bruto|Guanajuato<C1>,61.851697449747,71.16748970306,76.124017006141,78.845675264043,80.814597353918,89.886649389305,91.252279983682,92.107216120659,95.451499900568,98.307614448324,100,103.466881239821,107.65199699962,111.560167485891,121.231962549609,129.182383775045
Índice de precios implícitos base 2013=100|B.1bV---Valor agregado bruto|Guerrero<C1>,NA,NA,NA,NA,NA,NA,NA,NA,NA,NA,NA,NA,NA,NA,NA,NA
Índice de precios implícitos base 2013=100|B.1bV---Valor agregado bruto|Hidalgo<C1>,NA,NA,NA,NA,NA,NA,NA,NA,NA,NA,NA,NA,NA,NA,NA,NA
Índice de precios implícitos base 2013=100|B.1bV---Valor agregado bruto|Jalisco<C1>,61.533618064671,71.509158554386,76.793716365989,79.04136284206,80.910202567932,90.109285505574,90.745469094552,91.944421660789,95.121632450584,97.9174282384,100,103.788750159752,108.529992525968,113.483100548342,123.152183200889,131.632059850314
Índice de precios implícitos base 2013=100|B.1bV---Valor agregado bruto|México<C1>,63.581687487444,76.342382310482,82.413885486324,83.784250258894,83.728626453113,97.900080388966,94.97976271991,93.421269737267,97.085033039097,99.442123623379,100,103.736370550038,108.89422504637,112.181146780811,124.130631758812,134.878323400615
Índice de precios implícitos base 2013=100|B.1bV---Valor agregado bruto|Michoacán de Ocampo<C1>,61.118660287081,71.574201414981,77.421690612039,79.528131625519,81.219299921459,91.868463709445,92.624030976223,91.738222141025,96.065094642775,98.783535652351,100,103.18742469402,107.197685763942,110.977165964874,121.169048599532,129.435090813843
Índice de precios implícitos base 2013=100|B.1bV---Valor agregado bruto|Morelos<C1>,NA,NA,NA,NA,NA,NA,NA,NA,NA,NA,NA,NA,NA,NA,NA,NA
Índice de precios implícitos base 2013=100|B.1bV---Valor agregado bruto|Nayarit<C1>,60.596572181938,69.561038128805,74.65000752672,77.224454649828,79.555494202098,88.011923276309,90.762946369746,92.373312961548,95.796486977589,98.405103668262,100,103.381135595196,107.40946456343,111.283454987835,118.90923566879,126.082686830993
Índice de precios implícitos base 2013=100|B.1bV---Valor agregado bruto|Nuevo León<C1>,65.813686522346,76.19588293258,80.524264977631,82.570393705599,83.604576044405,93.52535557646,95.67115808299,94.946316763326,97.509133765994,99.522913138613,100,103.298029220891,107.121243927767,110.384495571992,119.118127162438,126.223372210806
Índice de precios implícitos base 2013=100|B.1bV---Valor agregado bruto|Oaxaca<C1>,NA,NA,NA,NA,NA,NA,NA,NA,NA,NA,NA,NA,NA,NA,NA,NA
Índice de precios implícitos base 2013=100|B.1bV---Valor agregado bruto|Puebla<C1>,60.24218772147,73.324482763764,80.910930027849,83.098316001746,82.90048459158,100.306878468978,96.436864726132,93.050008141529,97.785491433889,100.143620068062,100,103.150156728646,108.518341301062,112.33083755755,124.126871382178,135.532920205484
Índice de precios implícitos base 2013=100|B.1bV---Valor agregado bruto|Querétaro<C1>,59.83714099493,72.271388919354,79.112409641589,81.672595112898,81.886548726439,97.138454928628,94.678672209242,93.079124427476,96.547905905742,98.995439029288,100,103.219335444123,108.338559337932,112.592766377156,124.111844312717,136.051606299004
Índice de precios implícitos base 2013=100|B.1bV---Valor agregado bruto|Quintana Roo<C1>,63.468164598691,72.989446932272,77.835831327173,81.051169459629,81.933663457797,90.778866846962,94.032752088248,94.277124705577,96.965023109685,99.062906511548,100,104.49088719816,108.208163256187,111.757926321119,119.267930373399,125.550604150383
Índice de precios implícitos base 2013=100|B.1bV---Valor agregado bruto|San Luis Potosí<C1>,62.887804878049,78.837515620251,87.558859975217,89.022220784682,86.790573145294,108.523806405135,99.752357367368,94.271415955255,97.43823326432,99.959035280864,100,103.033722608582,108.134831460674,111.111874184465,124.679328260073,138.963155460612
Índice de precios implícitos base 2013=100|B.1bV---Valor agregado bruto|Sinaloa<C1>,61.656590619912,71.881790721789,76.760726089911,79.206609657951,81.186602752486,90.88974020267,93.270303414983,94.531148466627,96.923853690763,99.864038740932,100,103.112590464685,106.887909147001,110.015425679656,118.153816216997,125.145539732616
Índice de precios implícitos base 2013=100|B.1bV---Valor agregado bruto|Sonora<C1>,63.132850777265,72.7791952895,78.104136361941,80.512775330397,82.298701298701,91.497902781709,92.81139720298,93.336892685531,95.464667082778,97.588940004593,100,102.406247457903,105.799566843867,108.612855613116,116.72782018066,123.875343286911
Índice de precios implícitos base 2013=100|B.1bV---Valor agregado bruto|Tabasco<C1>,60.627436421014,69.376214878954,74.585969738652,77.265665458312,79.626130037285,86.234526437002,89.373888998617,91.970767592682,95.400552486188,98.168389955687,100,104.752740356456,108.688231131094,111.94661720829,119.271623672231,125.047586087558
Índice de precios implícitos base 2013=100|B.1bV---Valor agregado bruto|Tamaulipas<C1>,64,75.2,81.25,83.088235294118,84.558823529412,96.296296296296,95.967741935484,95.3125,97.709923664122,99.270072992701,100,102.290076335878,105.882352941176,108.783783783784,118.954248366013,128.387096774194
Índice de precios implícitos base 2013=100|B.1bV---Valor agregado bruto|Tlaxcala<C1>,NA,NA,NA,NA,NA,NA,NA,NA,NA,NA,NA,NA,NA,NA,NA,NA
Índice de precios implícitos base 2013=100|B.1bV---Valor agregado bruto|Veracruz de Ignacio de la Llave<C1>,59.459159485322,70.616089145476,76.185490020981,79.123649279114,80.265013623576,92.367634266332,92.710512695277,92.815941828107,96.391633233466,98.905676660383,100,103.86004336278,108.249706632137,111.903409634787,121.004293087647,129.713423831071
Índice de precios implícitos base 2013=100|B.1bV---Valor agregado bruto|Yucatán<C1>,63.151198257081,81.440355329949,92.830397412986,92.899138869643,88.25247165706,118.218073999833,103.750912459992,95.540559343259,99.448351012208,101.359077552063,100,103.798204787234,109.480122324159,112.069967370413,128.682731854255,147.108193065857
Índice de precios implícitos base 2013=100|B.1bV---Valor agregado bruto|Zacatecas<C1>,63.487241798299,72.366044551475,77.301679212507,79.48275862069,81.890660592255,89.557805007992,91.556291390729,92.681623931624,96.215943491423,98.992322456814,100,104,107.053941908714,110.923660902573,119.505271695053,127.617542473331
Variación porcentual anual del índice de precios implícitos base 2013=100|B.1bV---Valor agregado bruto|Estados Unidos Mexicanos<C1>,NA,13.150002906693,6.252576420534,2.815728924759,1.600796131064,9.937060511431,2.677613812333,0.693932709107,3.555807553115,3.876097848086,1.40067897591,4.468689002254,3.607133152765,2.814457667395,7.017028287559,5.362915687386
Variación porcentual anual del índice de precios implícitos base 2013=100|B.1bV---Valor agregado bruto|Aguascalientes<C1>,NA,NA,NA,NA,NA,NA,NA,NA,NA,NA,NA,NA,NA,NA,NA,NA
Variación porcentual anual del índice de precios implícitos base 2013=100|B.1bV---Valor agregado bruto|Baja California<C1>,NA,20.589894346672,7.592426162446,3.048530737825,-1.170570988016,16.30823104596,-3.1964597608,-3.168102862271,2.353745703017,2.015891062539,-0.042340337542,3.793001478561,4.280536009693,3.701204131724,11.213788478007,8.708774629311
Variación porcentual anual del índice de precios implícitos base 2013=100|B.1bV---Valor agregado bruto|Baja California Sur<C1>,NA,NA,NA,NA,NA,NA,NA,NA,NA,NA,NA,NA,NA,NA,NA,NA
Variación porcentual anual del índice de precios implícitos base 2013=100|B.1bV---Valor agregado bruto|Campeche<C1>,NA,14.813438864852,7.00587285477,3.236531009117,2.700810835641,11.393078810936,1.773696120681,1.900807787474,3.654806978325,2.332980641033,1.14209979768,4.969417615219,4.12476894118,3.806576458931,8.337997405018,6.841991114571
Variación porcentual anual del índice de precios implícitos base 2013=100|B.1bV---Valor agregado bruto|Coahuila de Zaragoza<C1>,NA,13.921234187848,5.791702260516,3.006867712254,2.68241152267,9.671895673592,2.618836020989,1.279955065571,2.328421924765,2.415512344573,1.194834039403,3.889769289345,3.131689225507,3.26911601274,8.570953413926,5.845995464367
Variación porcentual anual del índice de precios implícitos base 2013=100|B.1bV---Valor agregado bruto|Colima<C1>,NA,NA,NA,NA,NA,NA,NA,NA,NA,NA,NA,NA,NA,NA,NA,NA
Variación porcentual anual del índice de precios implícitos base 2013=100|B.1bV---Valor agregado bruto|Chiapas<C1>,NA,NA,NA,NA,NA,NA,NA,NA,NA,NA,NA,NA,NA,NA,NA,NA
Variación porcentual anual del índice de precios implícitos base 2013=100|B.1bV---Valor agregado bruto|Chihuahua<C1>,NA,15.950003390816,6.591288082254,2.844943897938,1.894506775533,11.015188441786,0.98071865612,0.376840885291,2.484145323406,2.552149170413,1.175414422314,3.244342107993,3.039208810104,3.018893165823,8.402762075034,6.689712271504
Variación porcentual anual del índice de precios implícitos base 2013=100|B.1bV---Valor agregado bruto|Ciudad de México<C1>,NA,11.072982489445,6.332591632678,3.193641938211,1.68082197632,8.69486589149,3.067904374104,1.464359500816,3.946101927408,4.941799029286,1.89264296873,5.040754642654,3.502458107826,2.710408665421,6.387688191831,4.884063933942
Variación porcentual anual del índice de precios implícitos base 2013=100|B.1bV---Valor agregado bruto|Durango<C1>,NA,16.703641201347,7.770328981367,2.792846897604,2.252548408751,13.322547674043,0.893958805243,0.184469779231,3.817300056265,3.190406565834,1.327638851312,3.367474866429,4.857032913863,3.19551139189,8.891818000306,7.485295498745
Variación porcentual anual del índice de precios implícitos base 2013=100|B.1bV---Valor agregado bruto|Guanajuato<C1>,NA,15.061498127649,6.964594822385,3.575295110454,2.497184637307,11.225759123265,1.519280787142,0.936892905174,3.630859688049,2.99221547145,1.721520312718,3.466881239821,4.044884420647,3.630374349939,8.669577396378,6.55802402125
Variación porcentual anual del índice de precios implícitos base 2013=100|B.1bV---Valor agregado bruto|Guerrero<C1>,NA,NA,NA,NA,NA,NA,NA,NA,NA,NA,NA,NA,NA,NA,NA,NA
Variación porcentual anual del índice de precios implícitos base 2013=100|B.1bV---Valor agregado bruto|Hidalgo<C1>,NA,NA,NA,NA,NA,NA,NA,NA,NA,NA,NA,NA,NA,NA,NA,NA
Variación porcentual anual del índice de precios implícitos base 2013=100|B.1bV---Valor agregado bruto|Jalisco<C1>,NA,16.211529247688,7.390043343307,2.926862486195,2.364381962399,11.369496856615,0.706013354127,1.321225817884,3.455577546093,2.939179780444,2.126865256846,3.788750159752,4.568165970703,4.563814948378,8.520284170794,6.885689257812
Variación porcentual anual del índice de precios implícitos base 2013=100|B.1bV---Valor agregado bruto|México<C1>,NA,20.06976430998,7.952991499727,1.662783843382,-0.066389334044,16.925458515421,-2.982957375983,-1.640868473465,3.921765687979,2.42786195822,0.561006097108,3.736370550038,4.972079193617,3.018453671938,10.65195473652,8.658371821297
Variación porcentual anual del índice de precios implícitos base 2013=100|B.1bV---Valor agregado bruto|Michoacán de Ocampo<C1>,NA,17.106954044459,8.169828068573,2.720737556656,2.126503240266,13.111617310521,0.822444652136,-0.956348828551,4.716542789655,2.829790591145,1.231444430102,3.18742469402,3.886385460063,3.525710628917,9.183765458458,6.82190898571
Variación porcentual anual del índice de precios implícitos base 2013=100|B.1bV---Valor agregado bruto|Morelos<C1>,NA,NA,NA,NA,NA,NA,NA,NA,NA,NA,NA,NA,NA,NA,NA,NA
Variación porcentual anual del índice de precios implícitos base 2013=100|B.1bV---Valor agregado bruto|Nayarit<C1>,NA,14.793684896815,7.31583302206,3.448689703329,3.018525106898,10.629597815996,3.125739094236,1.774255526304,3.705804096759,2.723081788253,1.620745542949,3.381135595196,3.896580304561,3.606749591529,6.852573620929,6.032711523085
Variación porcentual anual del índice de precios implícitos base 2013=100|B.1bV---Valor agregado bruto|Nuevo León<C1>,NA,15.775132740374,5.680598319047,2.541008885379,1.252485657866,11.866311632016,2.294353753914,-0.757638283249,2.699227405584,2.065221271939,0.479373891239,3.298029220891,3.701149707997,3.04631604766,7.912009331736,5.964873036225
Variación porcentual anual del índice de precios implícitos base 2013=100|B.1bV---Valor agregado bruto|Oaxaca<C1>,NA,NA,NA,NA,NA,NA,NA,NA,NA,NA,NA,NA,NA,NA,NA,NA
Variación porcentual anual del índice de precios implícitos base 2013=100|B.1bV---Valor agregado bruto|Puebla<C1>,NA,21.716168580696,10.346404063329,2.70344930301,-0.238069096565,20.996733569355,-3.858173838041,-3.51199366987,5.08918095435,2.411532221799,-0.143414096639,3.150156728646,5.204242768664,3.513227543638,10.501153628971,9.189024661862
Variación porcentual anual del índice de precios implícitos base 2013=100|B.1bV---Valor agregado bruto|Querétaro<C1>,NA,20.780150451168,9.465738550934,3.236136382279,0.261964999698,18.625655177069,-2.532244023434,-1.689448895345,3.726701878216,2.535045271656,1.014754801395,3.219335444123,4.959559051395,3.926770916303,10.230744217595,9.620163210373
Variación porcentual anual del índice de precios implícitos base 2013=100|B.1bV---Valor agregado bruto|Quintana Roo<C1>,NA,15.001666416201,6.639842605463,4.130922838019,1.088810937648,10.795566823057,3.584408303721,0.259880320316,2.851061073937,2.163546539343,0.945957999267,4.49088719816,3.557512198147,3.280494704016,6.719884932995,5.267697491953
Variación porcentual anual del índice de precios implícitos base 2013=100|B.1bV---Valor agregado bruto|San Luis Potosí<C1>,NA,25.362168027858,11.062429208165,1.671288102517,-2.506843369798,25.041006727145,-8.082511412309,-5.494548256066,3.359255058361,2.587076891784,0.040981507095,3.033722608582,4.950911917907,2.753083981893,12.210624809625,11.456451843199
Variación porcentual anual del índice de precios implícitos base 2013=100|B.1bV---Valor agregado bruto|Sinaloa<C1>,NA,16.584115337988,6.787442715507,3.186373673922,2.499782660924,11.951648574046,2.619177045731,1.351818323174,2.531128906131,3.033499946824,0.136146365381,3.112590464685,3.661355674707,2.925977837544,7.397499475245,5.917475828947
Variación porcentual anual del índice de precios implícitos base 2013=100|B.1bV---Valor agregado bruto|Sonora<C1>,NA,15.279437556634,7.316570417218,3.083881444248,2.218189549392,11.177820959312,1.435545932025,0.566197146458,2.279671345409,2.225192824454,2.470628326625,2.406247457903,3.313586299858,2.659073995455,7.47145862406,6.123238740507
Variación porcentual anual del índice de precios implícitos base 2013=100|B.1bV---Valor agregado bruto|Tabasco<C1>,NA,14.430394841679,7.509425051205,3.592761117204,3.054998057639,8.299281148817,3.640493768941,2.905634546243,3.729211991245,2.901280335771,1.865783930183,4.752740356456,3.756933480925,2.997919869784,6.543303090894,4.842696223538
Variación porcentual anual del índice de precios implícitos base 2013=100|B.1bV---Valor agregado bruto|Tamaulipas<C1>,NA,17.5,8.045212765957,2.262443438914,1.769911504425,13.880837359098,-0.341191066997,-0.682773109244,2.515329745964,1.596715328468,0.735294117647,2.290076335878,3.511852502194,2.740240240241,9.349246945155,7.929812123361
Variación porcentual anual del índice de precios implícitos base 2013=100|B.1bV---Valor agregado bruto|Tlaxcala<C1>,NA,NA,NA,NA,NA,NA,NA,NA,NA,NA,NA,NA,NA,NA,NA,NA
Variación porcentual anual del índice de precios implícitos base 2013=100|B.1bV---Valor agregado bruto|Veracruz de Ignacio de la Llave<C1>,NA,18.764021820571,7.886872443519,3.856586414715,1.442507208478,15.078326279884,0.371210577892,0.11371863855,3.852453937257,2.608155233585,1.106431275299,3.86004336278,4.2265178477,3.3752544153,8.13280263985,7.197373350312
Variación porcentual anual del índice de precios implícitos base 2013=100|B.1bV---Valor agregado bruto|Yucatán<C1>,NA,28.960902686937,13.985747037683,0.074050589648,-5.001840995645,33.954405786182,-12.237690101314,-7.913523767706,4.09019132378,1.921325512597,-1.340854302235,3.798204787234,5.47400366757,2.36558472102,14.823565022495,14.318518845614
Variación porcentual anual del índice de precios implícitos base 2013=100|B.1bV---Valor agregado bruto|Zacatecas<C1>,NA,13.985176393998,6.820373687167,2.821516208189,3.029464519539,9.362660357465,2.231504426173,1.229115469621,3.813398395357,2.885570586998,1.017935046049,4,2.936482604533,3.614737509768,7.736501592764,6.788211652268
