﻿Descriptores,2003,2004,2005,2006,2007,2008,2009,2010,2011,2012,2013,2014,2015,2016,2017<R>,2018<P>
Valores constantes|Millones de pesos|B.1bV---Valor agregado bruto|Estados Unidos Mexicanos<C1>,40949.57599999999,43081.496,44170.647999999994,47267.957,47373.242,49396.137,48105.56800000001,46878.76300000001,49241.67900000001,52275.47999999999,52442.373,54107.783,55904.706999999995,62047.775000000016,65805.48899999999,67310.908
Valores constantes|Millones de pesos|B.1bV---Valor agregado bruto|Aguascalientes<C1>,241.047,230.938,217.792,180.443,198.267,208.002,241.392,213.856,259.675,295.902,340.99,363.04,388.967,482.81,517.144,539.389
Valores constantes|Millones de pesos|B.1bV---Valor agregado bruto|Baja California<C1>,6715.863,7241.316,7378.981,8213.588,8275.667,10059.288,9072.101,9326.2,10559.043,10792.61,11742.227,12298.748,13146.754,14399.008,15885.882,16257.406
Valores constantes|Millones de pesos|B.1bV---Valor agregado bruto|Baja California Sur<C1>,15.786,15.892,17.019,20.521,21.611,21.652,20.283,19.493,24.674,25.286,25.482,26.988,27.671,35.34,37.694,37.564
Valores constantes|Millones de pesos|B.1bV---Valor agregado bruto|Campeche<C1>,8.702,8.654,8.622,9.496,11.53,9.686,9.612,9.664,12.735,13.742,13.476,14.334,13.808,17.482,15.572,16.638
Valores constantes|Millones de pesos|B.1bV---Valor agregado bruto|Coahuila de Zaragoza<C1>,579.474,616.843,591.874,598.216,607.059,577.713,666.502,830.859,982.969,1043.102,964.288,931.657,879.824,1337.248,1277.393,1769.844
Valores constantes|Millones de pesos|B.1bV---Valor agregado bruto|Colima<C1>,23.695,25.441,28.081,32.647,30.876,33.781,34.515,38.017,36.94,32.473,31.37,36.504,28.268,36.614,45.212,55.519
Valores constantes|Millones de pesos|B.1bV---Valor agregado bruto|Chiapas<C1>,68.79,65.408,66.672,71.573,74.556,85.897,79.587,85.979,89.439,100.147,101.121,104.954,98.727,164.767,190.287,207.554
Valores constantes|Millones de pesos|B.1bV---Valor agregado bruto|Chihuahua<C1>,4578.056,4838.641,4933.448,5441.218,5331.996,5535.603,5325.148,5011.542,5211.454,6199.947,6250.041,6551.135,7293.602,8246.993,9102.875,8870.161
Valores constantes|Millones de pesos|B.1bV---Valor agregado bruto|Ciudad de México<C1>,3459.563,3962.697,3897.712,4229.592,3999.849,4227.067,3867.092,3511.806,3573.566,3738.218,3192.104,3262.175,3214.902,3030.132,3161.975,4073.768
Valores constantes|Millones de pesos|B.1bV---Valor agregado bruto|Durango<C1>,68.746,70.146,71.363,78.502,71.74,128.999,87.318,80.301,82.511,94.748,97.279,88.714,87.981,128.188,149.751,195.771
Valores constantes|Millones de pesos|B.1bV---Valor agregado bruto|Guanajuato<C1>,510.882,577.741,598.441,628.12,746.693,814.088,792.276,844.807,1230.015,1234.388,1236.614,1215.437,1263.432,1456.417,1561.376,1445.549
Valores constantes|Millones de pesos|B.1bV---Valor agregado bruto|Guerrero<C1>,347.833,253.404,253.391,222.949,181.712,161.205,157.566,138.642,151.004,173.769,181.541,204.52,226.762,222.201,214.29,167.085
Valores constantes|Millones de pesos|B.1bV---Valor agregado bruto|Hidalgo<C1>,187.556,217.423,239.271,253.943,240.092,242.46,233.688,255.007,245.965,248.811,256.285,289.027,282.393,438.668,494.271,644.468
Valores constantes|Millones de pesos|B.1bV---Valor agregado bruto|Jalisco<C1>,1894.129,1923.224,2161.075,2343.832,2487.415,2184.885,2203.364,2358.369,2568.969,2686.631,2888.289,3029.568,3069.51,3235.095,3172.333,3181.448
Valores constantes|Millones de pesos|B.1bV---Valor agregado bruto|México<C1>,3976.264,4387.395,4386.144,4878.945,5182.297,5017.769,5275.126,5860.585,8234.736,7500.798,7881.417,8709.427,8576.266,9074.099,9386.595,8749.07
Valores constantes|Millones de pesos|B.1bV---Valor agregado bruto|Michoacán de Ocampo<C1>,955.929,870.236,868.573,819.703,782.736,781.055,853.643,839.655,934.323,877.728,750.7,779.557,753.71,859.846,849.113,832.917
Valores constantes|Millones de pesos|B.1bV---Valor agregado bruto|Morelos<C1>,464.902,494.398,488.321,495.912,678.004,606.806,578.86,740.115,772.73,795.666,838.327,895.407,856.491,898.933,1013.503,1015.685
Valores constantes|Millones de pesos|B.1bV---Valor agregado bruto|Nayarit<C1>,29.521,29.648,30.01,30.761,31.212,29.72,30.998,30.899,33.299,33.185,32.535,33.189,31.693,40.754,44.641,54.77
Valores constantes|Millones de pesos|B.1bV---Valor agregado bruto|Nuevo León<C1>,5982.956,6255.19,6367.404,6677.636,5997.07,5862.67,6320.626,7739.199,4777.704,5838.403,5261.236,5114.805,5263.558,5856.104,6226.796,6109.751
Valores constantes|Millones de pesos|B.1bV---Valor agregado bruto|Oaxaca<C1>,130.803,115.212,115.643,107.183,95.989,182.962,188.464,179.232,186.763,178.84,165.98,165.435,152.32,217.061,222.433,260.997
Valores constantes|Millones de pesos|B.1bV---Valor agregado bruto|Puebla<C1>,636.765,605.115,696.633,822.834,915.871,967.544,885.923,940.338,937.339,995.679,942.106,808.695,805.077,1109.016,1350.043,1444.137
Valores constantes|Millones de pesos|B.1bV---Valor agregado bruto|Querétaro<C1>,1002.83,1189.388,1203.038,1210.719,1091.656,938.677,979.13,715.219,939.146,967.599,951.493,919.985,964.524,1226.636,1314.77,1528.762
Valores constantes|Millones de pesos|B.1bV---Valor agregado bruto|Quintana Roo<C1>,22.819,21.739,22.448,23.36,21.658,21.834,26.037,30.865,38.635,37.198,35.216,32.394,26.499,38.828,43.174,53.15
Valores constantes|Millones de pesos|B.1bV---Valor agregado bruto|San Luis Potosí<C1>,541.423,687.977,708.208,875.027,951.933,822.82,855.676,916.194,871.879,877.782,804.556,950.674,1043.507,1276.429,1354.781,1391.115
Valores constantes|Millones de pesos|B.1bV---Valor agregado bruto|Sinaloa<C1>,119.213,127.97,127.956,130.521,135.531,132.386,122.301,122.27,117.125,136.152,133.674,139.086,142.946,217.794,234.276,267.892
Valores constantes|Millones de pesos|B.1bV---Valor agregado bruto|Sonora<C1>,1477.368,1481.243,1613.449,1995.004,2090.922,1654.316,1686.889,1842.17,1931.87,2271.818,2188.617,2047.958,2022.884,2136.622,2213.87,2065.917
Valores constantes|Millones de pesos|B.1bV---Valor agregado bruto|Tabasco<C1>,49.191,52.523,51.47,54.76,59.808,61.234,61.254,61.01,61.706,67.753,66.615,73.799,75.993,143.983,171.922,238.295
Valores constantes|Millones de pesos|B.1bV---Valor agregado bruto|Tamaulipas<C1>,5785.475,5651.016,5918.161,5706.241,5903.007,6940.386,6409.724,2995.175,3250.086,3692.709,3831.774,3782.232,3989.089,4117.626,3980.101,4094.524
Valores constantes|Millones de pesos|B.1bV---Valor agregado bruto|Tlaxcala<C1>,234.023,195.935,202.261,172.496,189.979,204.46,205.703,226.544,256.356,290.261,271.55,277.648,241.026,300.726,301.806,380.464
Valores constantes|Millones de pesos|B.1bV---Valor agregado bruto|Veracruz de Ignacio de la Llave<C1>,329.331,334.677,351.647,375.983,395.716,406.182,353.207,492.473,428.667,546.704,490.943,472.592,451.779,733.475,681.524,761.253
Valores constantes|Millones de pesos|B.1bV---Valor agregado bruto|Yucatán<C1>,492.157,514.655,533.504,542.081,548.389,432.647,415.949,368.391,375.42,418.121,404.124,412.122,409.813,478.598,490.378,504.169
Valores constantes|Millones de pesos|B.1bV---Valor agregado bruto|Zacatecas<C1>,18.484,19.411,22.036,24.151,22.401,42.343,65.614,53.887,64.936,69.31,70.403,75.977,74.931,90.282,99.708,95.876
Valores constantes|Participación porcentual|B.1bV---Valor agregado bruto|Estados Unidos Mexicanos<C1>,100,100,100,100,100,100,100,100,100,100,100,100,100,100,100,100
Valores constantes|Participación porcentual|B.1bV---Valor agregado bruto|Aguascalientes<C1>,0.588643457505,0.536049165981,0.493069515303,0.381744867882,0.418521071452,0.421089608687,0.501796382489,0.456189511656,0.527347980965,0.566043582957,0.650218478863,0.670957078393,0.695767889455,0.778126210005,0.785867574056,0.801339658054
Valores constantes|Participación porcentual|B.1bV---Valor agregado bruto|Baja California<C1>,16.400323656587,16.808413523987,16.70562089105,17.376651163493,17.46907463078,20.364523646859,18.858733774851,19.89429627228,21.443304157033,20.645644956297,22.390724004804,22.730090419709,23.516363300142,23.206324481418,24.140664010566,24.152706423155
Valores constantes|Participación porcentual|B.1bV---Valor agregado bruto|Baja California Sur<C1>,0.038549849698,0.036888226908,0.038530111671,0.043414188601,0.045618579366,0.043833387214,0.042163518369,0.041581728596,0.050107958342,0.04837067015,0.048590478543,0.049878221771,0.049496726635,0.056956111641,0.057280935941,0.055806705207
Valores constantes|Participación porcentual|B.1bV---Valor agregado bruto|Campeche<C1>,0.02125052528,0.020087510424,0.019519749857,0.020089719554,0.024338634033,0.019608820827,0.019981055,0.020614878426,0.025862237557,0.026287659147,0.02569677768,0.026491567766,0.024699172469,0.028175063489,0.023663679484,0.024718133352
Valores constantes|Participación porcentual|B.1bV---Valor agregado bruto|Coahuila de Zaragoza<C1>,1.415091575063,1.431804967961,1.339971285909,1.265584632735,1.281438580877,1.169550971162,1.385498659947,1.772356919913,1.996213411001,1.995394399057,1.838757372783,1.721853952138,1.573792346322,2.155190899271,1.941164816813,2.629356894131
Valores constantes|Participación porcentual|B.1bV---Valor agregado bruto|Colima<C1>,0.057863846991,0.059053195367,0.063573891875,0.069067931157,0.06517603334,0.068387938919,0.07174845124,0.081096423129,0.075017750715,0.06211898963,0.059818040652,0.06746534043,0.050564615248,0.059009368184,0.068705514824,0.082481430796
Valores constantes|Participación porcentual|B.1bV---Valor agregado bruto|Chiapas<C1>,0.167987087339,0.15182388281,0.150941865286,0.151419702781,0.157379982565,0.173894165044,0.165442387043,0.18340714323,0.181632718088,0.191575476686,0.192823082205,0.193972094551,0.176598725399,0.265548603475,0.289165847548,0.30835121107
Valores constantes|Participación porcentual|B.1bV---Valor agregado bruto|Chihuahua<C1>,11.179739687659,11.231367174436,11.169064126023,11.511430460174,11.255290486558,11.206550423164,11.06971234598,10.690431400675,10.583420601885,11.860143608438,11.917921791983,12.107565005944,13.046489985181,13.291359762699,13.833002593446,13.177895327159
Valores constantes|Participación porcentual|B.1bV---Valor agregado bruto|Ciudad de México<C1>,8.448348769228,9.198141587284,8.824212857371,8.948116797178,8.443266348543,8.55748497094,8.038761749991,7.491251422312,7.25719770847,7.150996987498,6.086879401891,6.029030980626,5.750682138447,4.883546589704,4.805032297534,6.052166165995
Valores constantes|Participación porcentual|B.1bV---Valor agregado bruto|Durango<C1>,0.167879638119,0.162821643891,0.161562040023,0.166078682013,0.151435698659,0.261152000611,0.181513291767,0.17129504889,0.167563335929,0.181247498827,0.18549694538,0.163957928197,0.157376730371,0.206595643438,0.227566122942,0.290845875976
Valores constantes|Participación porcentual|B.1bV---Valor agregado bruto|Guanajuato<C1>,1.247588009214,1.341042103088,1.354838624962,1.328849478305,1.576191471126,1.648080294214,1.646952801805,1.802110264727,2.497914419206,2.361313564218,2.358043561454,2.246325634891,2.259974280878,2.347250969112,2.372713923606,2.147570197686
Valores constantes|Participación porcentual|B.1bV---Valor agregado bruto|Guerrero<C1>,0.849417830358,0.588196844418,0.573663759699,0.471670480702,0.383575183645,0.326351431085,0.327542125685,0.295745858311,0.306658917946,0.332410147167,0.346172359515,0.377986287111,0.405622374517,0.358112760691,0.325641528171,0.248228712054
Valores constantes|Participación porcentual|B.1bV---Valor agregado bruto|Hidalgo<C1>,0.458016952361,0.50467838907,0.541696829985,0.5372413282,0.50680930809,0.490848100126,0.485781604325,0.543971264771,0.499505713442,0.475961196339,0.488698327972,0.534168993766,0.505132778891,0.706984255277,0.751109075415,0.957449571175
Valores constantes|Participación porcentual|B.1bV---Valor agregado bruto|Jalisco<C1>,4.625515536473,4.464153241104,4.892558968118,4.958606524923,5.250675054074,4.423190015851,4.580268130292,5.030783342129,5.217062155821,5.139371269283,5.507548256827,5.599135340659,5.490611014203,5.213877532273,4.820772625822,4.72649692974
Valores constantes|Participación porcentual|B.1bV---Valor agregado bruto|México<C1>,9.710146937785,10.18394300885,9.929996951822,10.321886769932,10.939291425316,10.158221481975,10.965728541029,12.50157774001,16.7231015823,14.348597086053,15.028719238163,16.096440321719,15.340865662707,14.624374524308,14.26415203753,12.997997293396
Valores constantes|Participación porcentual|B.1bV---Valor agregado bruto|Michoacán de Ocampo<C1>,2.334405123023,2.019976279375,1.966403119103,1.734162109016,1.652274505511,1.58120664375,1.774520155338,1.791120213646,1.897423115893,1.679043406201,1.431476031796,1.440748367014,1.348204901602,1.385780553775,1.290337649493,1.237417566853
Valores constantes|Participación porcentual|B.1bV---Valor agregado bruto|Morelos<C1>,1.135303574328,1.147587818213,1.105532796349,1.049150484757,1.431196116998,1.228448289387,1.203311849472,1.578785259329,1.569260057115,1.522063498987,1.598568012931,1.654858045099,1.532055252521,1.448775560445,1.540149637061,1.5089456229
Valores constantes|Participación porcentual|B.1bV---Valor agregado bruto|Nayarit<C1>,0.072091100528,0.06881840872,0.067941045375,0.065077913141,0.065885294488,0.060166648254,0.064437447241,0.065912575381,0.067623608041,0.063481004861,0.062039526701,0.061338680241,0.056691111895,0.065681646119,0.067837806053,0.081368683958
Valores constantes|Participación porcentual|B.1bV---Valor agregado bruto|Nuevo León<C1>,14.61054444129,14.519435443932,14.415464314673,14.127194031255,12.65919271474,11.868681148083,13.139073630728,16.508965904241,9.702561116976,11.168530638074,10.03241405571,9.452993111915,9.415232245113,9.438056400894,9.462426455033,9.076910684372
Valores constantes|Participación porcentual|B.1bV---Valor agregado bruto|Oaxaca<C1>,0.319424552772,0.267428039175,0.26180960714,0.226756151107,0.202622822394,0.370397385528,0.391771696782,0.382330907494,0.379278293902,0.342110679806,0.316499789207,0.3057508381,0.272463640673,0.34982882142,0.338015875849,0.387748446359
Valores constantes|Participación porcentual|B.1bV---Valor agregado bruto|Puebla<C1>,1.554997785569,1.404582143573,1.577140095386,1.740786046666,1.933308680879,1.958744263747,1.841622574751,2.005893372229,1.903548008588,1.904676915449,1.796459515667,1.494600139133,1.440088041245,1.787358209057,2.051565941558,2.145472469336
Valores constantes|Participación porcentual|B.1bV---Valor agregado bruto|Querétaro<C1>,2.448938665446,2.760786208538,2.723614106816,2.56139481552,2.304372582311,1.900304471178,2.035377692661,1.525678055967,1.907217664126,1.850961483281,1.814359163343,1.700282194153,1.725300161219,1.976921815488,1.997964030022,2.271195034243
Valores constantes|Participación porcentual|B.1bV---Valor agregado bruto|Quintana Roo<C1>,0.055724630702,0.050460179006,0.050821079193,0.049420371606,0.045717791491,0.044201837079,0.054124711717,0.06584004787,0.078459956656,0.071157644081,0.067151804896,0.059869390694,0.047400302089,0.062577586384,0.065608508737,0.0789619418
Valores constantes|Participación porcentual|B.1bV---Valor agregado bruto|San Luis Potosí<C1>,1.322169978024,1.596919939828,1.603345280332,1.851205458277,2.009431822293,1.665757789926,1.778746277354,1.954390306758,1.770611842866,1.679146705109,1.534171613478,1.757000467012,1.8665816458,2.05717126843,2.058765948841,2.066700689879
Valores constantes|Participación porcentual|B.1bV---Valor agregado bruto|Sinaloa<C1>,0.291121451416,0.29704168119,0.289685584871,0.276129979555,0.28609188284,0.268008812106,0.254234603362,0.260821728594,0.237857445925,0.260450980077,0.254896932296,0.257053592456,0.255695821821,0.35101016918,0.356012854794,0.397991956965
Valores constantes|Participación porcentual|B.1bV---Valor agregado bruto|Sonora<C1>,3.60777361895,3.438234828243,3.652762803027,4.220626671045,4.413719457917,3.349079706375,3.506639813504,3.929647205068,3.923241528787,4.345857752047,4.173375220835,3.784960104538,3.618450231749,3.443511068689,3.364263427934,3.069215765148
Valores constantes|Participación porcentual|B.1bV---Valor agregado bruto|Tabasco<C1>,0.120125785918,0.121915450661,0.116525345066,0.115850151933,0.126248484324,0.123965159462,0.127332453491,0.130144219036,0.125312542653,0.129607609533,0.127025144343,0.136392577755,0.135933097726,0.232051834252,0.261257841272,0.354021371989
Valores constantes|Participación porcentual|B.1bV---Valor agregado bruto|Tamaulipas<C1>,14.128290363739,13.117037532773,13.398402033857,12.072112615318,12.460635478568,14.05046309593,13.324287117865,6.38919375923,6.600274535724,7.063940876296,7.306637325508,6.990181061383,7.135515440587,6.636218623472,6.04828116998,6.083002178488
Valores constantes|Participación porcentual|B.1bV---Valor agregado bruto|Tlaxcala<C1>,0.571490654751,0.454800826787,0.457908156566,0.364932209784,0.401025963138,0.413919007472,0.427607465315,0.483255072238,0.520607755881,0.555252672955,0.517806469208,0.513138747525,0.4311372207,0.484668467161,0.458633473569,0.56523379539
Valores constantes|Participación porcentual|B.1bV---Valor agregado bruto|Veracruz de Ignacio de la Llave<C1>,0.804235433353,0.776846282218,0.796110122722,0.795428920273,0.835315429753,0.822295071374,0.73423309335,1.050524733342,0.870536928686,1.045813448294,0.936157103341,0.873427026201,0.80812336607,1.182113298986,1.035664365324,1.130950424855
Valores constantes|Participación porcentual|B.1bV---Valor agregado bruto|Yucatán<C1>,1.201861040026,1.194608005256,1.207824707484,1.146825533416,1.157592296512,0.875872135507,0.864658743869,0.785837715044,0.762402922939,0.799841531823,0.770605861028,0.761668612443,0.73305634175,0.771337892455,0.745193155544,0.749015300759
Valores constantes|Participación porcentual|B.1bV---Valor agregado bruto|Zacatecas<C1>,0.045138440505,0.045056466934,0.049888333085,0.051093809703,0.047286187422,0.085721278164,0.136395853386,0.114949705478,0.131872026541,0.132586061381,0.134248310998,0.140417876667,0.134033436576,0.145504008806,0.151519275239,0.142437537761
Valores constantes|Índice de volumen físico base 2013=100|B.1bV---Valor agregado bruto|Estados Unidos Mexicanos<C1>,78.084902832296,82.150165096457,84.227020009182,90.133139093458,90.33390231979,94.191269720003,91.730341798225,89.391002577248,93.89674071385,99.681759252199,100,103.175695348492,106.602168822528,118.316108616977,125.481524262832,128.35213997658
Valores constantes|Índice de volumen físico base 2013=100|B.1bV---Valor agregado bruto|Aguascalientes<C1>,70.690342825303,67.725739757764,63.870494735916,52.917387606675,58.144520367166,60.999442798909,70.791518812868,62.716208686472,76.153259626382,86.777324848236,100,106.466465292237,114.069914073726,141.590662482771,151.659579459808,158.1832311798
Valores constantes|Índice de volumen físico base 2013=100|B.1bV---Valor agregado bruto|Baja California<C1>,57.194116584529,61.6690172997,62.841409896096,69.949150191016,70.477831845697,85.667633575812,77.260480486368,79.424456706552,89.923683130977,91.912803252739,100,104.739484256266,111.961334080835,122.625869862676,135.288493400783,138.45249287039
Valores constantes|Índice de volumen físico base 2013=100|B.1bV---Valor agregado bruto|Baja California Sur<C1>,61.949611490464,62.36559139785,66.788321167883,80.531355466604,84.808884702928,84.969782591633,79.597362844361,76.497135232713,96.829134290872,99.230829605212,100,105.910054155875,108.590377521388,138.686131386861,147.924024801821,147.413860764461
Valores constantes|Índice de volumen físico base 2013=100|B.1bV---Valor agregado bruto|Campeche<C1>,64.574057583853,64.217868803799,63.980409617097,70.466013653903,85.559513208667,71.875927574948,71.326803205699,71.71267438409,94.501335707925,101.973879489463,100,106.366874443455,102.463639062036,129.726921935292,115.553576729,123.46393588602
Valores constantes|Índice de volumen físico base 2013=100|B.1bV---Valor agregado bruto|Coahuila de Zaragoza<C1>,60.093457556249,63.968752074069,61.379380434061,62.037067763988,62.954117442092,59.910835766908,69.118562089334,86.162951317449,101.937284296808,108.173284329993,100,96.616052465653,91.24079113294,138.677241653946,132.470071182053,183.538942722506
Valores constantes|Índice de volumen físico base 2013=100|B.1bV---Valor agregado bruto|Colima<C1>,75.533949633408,81.09977685687,89.515460631176,104.07076824992,98.425247051323,107.685686962066,110.025502072043,121.189034109021,117.755817660185,103.516098182977,100,116.365954733822,90.11157156519,116.716608224418,144.124960153012,176.981192221868
Valores constantes|Índice de volumen físico base 2013=100|B.1bV---Valor agregado bruto|Chiapas<C1>,68.027412703593,64.682904638997,65.932892277569,70.779561119847,73.729492390305,84.944769137963,78.704720087816,85.025860108187,88.447503485923,99.036797500025,100,103.790508400827,97.632539235174,162.940437693456,188.177529889934,205.253112607668
Valores constantes|Índice de volumen físico base 2013=100|B.1bV---Valor agregado bruto|Chihuahua<C1>,73.248415490394,77.417748139572,78.934650188695,87.058916893505,85.311376357371,88.569066986921,85.201809076133,80.184145992002,83.382717009376,99.198501257832,100,104.817472397381,116.696866468556,131.951022401293,145.645044568508,141.921644994009
Valores constantes|Índice de volumen físico base 2013=100|B.1bV---Valor agregado bruto|Ciudad de México<C1>,108.378768360931,124.140598175999,122.104793578154,132.501697939666,125.304470029799,132.422596506881,121.145551648693,110.015400500736,111.950174555716,117.108277173927,100,102.19513524622,100.714199787977,94.925854546093,99.056139774895,127.620152726854
Valores constantes|Índice de volumen físico base 2013=100|B.1bV---Valor agregado bruto|Durango<C1>,70.66890079051,72.108060321344,73.359101142076,80.697786778236,73.746646244308,132.607243084324,89.760379938116,82.547106775358,84.818922891888,97.398205162471,100,91.195427584576,90.441924773075,131.773558527534,153.939699215658,201.246928936358
Valores constantes|Índice de volumen físico base 2013=100|B.1bV---Valor agregado bruto|Guanajuato<C1>,41.312972358392,46.719590753461,48.393516489382,50.793537838,60.382059397678,65.83202195673,64.06817325374,68.316143922032,99.466365413945,99.819992333905,100,98.287501192773,102.16866378676,117.774584470174,126.262196611069,116.895733025827
Valores constantes|Índice de volumen físico base 2013=100|B.1bV---Valor agregado bruto|Guerrero<C1>,191.600244572851,139.584997328427,139.577836411609,122.809172583604,100.09419359814,88.798122738114,86.793616868917,76.369525341383,83.17900639525,95.718873422533,100,112.657746734897,124.909524570207,122.397144446709,118.039451143268,92.03706049873
Valores constantes|Índice de volumen físico base 2013=100|B.1bV---Valor agregado bruto|Hidalgo<C1>,73.182589695066,84.836412587549,93.361296993581,99.086173595802,93.681643482841,94.605614842851,91.182862828492,99.501336402833,95.973232924284,97.08371539497,100,112.775620890805,110.18709639659,171.164133679302,192.859902062157,251.465360828765
Valores constantes|Índice de volumen físico base 2013=100|B.1bV---Valor agregado bruto|Jalisco<C1>,65.579621706831,66.586965501029,74.821979379487,81.149497159045,86.120710219788,75.646342869429,76.286133416705,81.652805519115,88.944319630065,93.018080946886,100,104.891442649956,106.2743375057,112.007316442364,109.834334445064,110.149919208223
Valores constantes|Índice de volumen físico base 2013=100|B.1bV---Valor agregado bruto|México<C1>,50.451130805539,55.667591246599,55.651718466362,61.904413889025,65.753366431443,63.665823036644,66.931187627809,74.35953458623,104.482937522529,95.170678064617,100,110.505851929926,108.816295343845,115.132837153522,119.097809442135,111.00884523684
Valores constantes|Índice de volumen físico base 2013=100|B.1bV---Valor agregado bruto|Michoacán de Ocampo<C1>,127.338350872519,115.923271613161,115.701745037965,109.191820967097,104.267483681897,104.043559344612,113.712934594379,111.849607033435,124.460237112029,116.921273478087,100,103.844012255228,100.400959104835,114.539230051952,113.109497802051,110.952044758226
Valores constantes|Índice de volumen físico base 2013=100|B.1bV---Valor agregado bruto|Morelos<C1>,55.455925909579,58.974362032954,58.249465900538,59.154959818782,80.875839618669,72.382972276928,69.049428206416,88.284762389855,92.175249037667,94.911174279249,100,106.808798953153,102.166696289157,107.229398552116,120.895903388535,121.156183684887
Valores constantes|Índice de volumen físico base 2013=100|B.1bV---Valor agregado bruto|Nayarit<C1>,90.736130321193,91.126479176272,92.239127093899,94.54741048102,95.933609958506,91.347779314584,95.275856769633,94.971569079453,102.348240356539,101.997848470878,100,102.010142923006,97.412017826956,125.262025510988,137.209159366836,168.341785769172
Valores constantes|Índice de volumen físico base 2013=100|B.1bV---Valor agregado bruto|Nuevo León<C1>,113.717689151371,118.892024611707,121.024869441325,126.921430629609,113.985953110638,111.431420297436,120.135762775135,147.098495486612,90.80953601017,110.970178870516,100,97.216794684747,100.044134116014,111.306620725624,118.352341541037,116.127674181504
Valores constantes|Índice de volumen físico base 2013=100|B.1bV---Valor agregado bruto|Oaxaca<C1>,78.80648270876,69.413182311122,69.672852150862,64.575852512351,57.831666465839,110.231353175081,113.546210386794,107.984094469213,112.52138811905,107.747921436318,100,99.671647186408,91.770092782263,130.775394625859,134.01192914809,157.246053741415
Valores constantes|Índice de volumen físico base 2013=100|B.1bV---Valor agregado bruto|Puebla<C1>,67.589528142269,64.230033563102,73.944227082727,87.33985347721,97.215281507601,102.700120793202,94.036446005014,99.812335342308,99.494005982342,105.686515105519,100,85.839066941512,85.45503372232,117.716690053985,143.300541552649,153.288165026016
Valores constantes|Índice de volumen físico base 2013=100|B.1bV---Valor agregado bruto|Querétaro<C1>,105.395415415563,125.002285881241,126.436873418932,127.244131065599,114.730849307352,98.653064184392,102.904593097374,75.168077957484,98.702355140816,101.692708196487,100,96.688572590655,101.369531883051,128.916975742333,138.179681826351,160.669810497818
Valores constantes|Índice de volumen físico base 2013=100|B.1bV---Valor agregado bruto|Quintana Roo<C1>,64.797251249432,61.730463425716,63.743752839618,66.333484779646,61.500454338937,62.000227169468,73.935143116765,87.64482053612,109.708655156747,105.628123580191,100,91.986597001363,75.247046796911,110.256701499318,122.597682871422,150.925715583826
Valores constantes|Índice de volumen físico base 2013=100|B.1bV---Valor agregado bruto|San Luis Potosí<C1>,67.294632070359,85.510144725787,88.024699337274,108.758992537499,118.317805099956,102.2700719403,106.353815023441,113.875727730574,108.367720829874,109.101417427749,100,118.161321275337,129.699735009123,158.650112608693,168.388651628973,172.904682831276
Valores constantes|Índice de volumen físico base 2013=100|B.1bV---Valor agregado bruto|Sinaloa<C1>,89.181890270359,95.73290243428,95.722429193411,97.641276538444,101.389200592486,99.036461839999,91.491987970735,91.468797223095,87.619881203525,101.853763633915,100,104.048655684726,106.936277810195,162.929215853494,175.259212711522,200.406960216646
Valores constantes|Índice de volumen físico base 2013=100|B.1bV---Valor agregado bruto|Sonora<C1>,67.502354226436,67.67940667554,73.720025020367,91.153637205596,95.536222189629,75.587277262308,77.075568726735,84.170505849128,88.268984477412,103.801533114291,100,93.573156015877,92.427501020051,97.624298815188,101.153833676701,94.393719869671
Valores constantes|Índice de volumen físico base 2013=100|B.1bV---Valor agregado bruto|Tabasco<C1>,73.84372888989,78.845605344142,77.264880282219,82.203707873602,89.781580725062,91.922239735795,91.952263003828,91.585979133829,92.630788861368,101.708323951062,100,110.784357877355,114.077910380545,216.142010057795,258.083014336111,357.719732792914
Valores constantes|Índice de volumen físico base 2013=100|B.1bV---Valor agregado bruto|Tamaulipas<C1>,150.986853608798,147.477800099902,154.449636121546,148.919038544549,154.054153506966,181.127227232086,167.278237182047,78.166796893554,84.819355212494,96.37074107189,100,98.707074060213,104.105539627337,107.460043311531,103.870974645164,106.857137190241
Valores constantes|Índice de volumen físico base 2013=100|B.1bV---Valor agregado bruto|Tlaxcala<C1>,86.180445590131,72.154299392377,74.483888786596,63.52273982692,69.960964831523,75.293684404345,75.751426993187,83.426256674646,94.404713680722,106.890443748849,100,102.245626956362,88.759344503775,110.744245995213,111.141962806113,140.108267354078
Valores constantes|Índice de volumen físico base 2013=100|B.1bV---Valor agregado bruto|Veracruz de Ignacio de la Llave<C1>,67.081310865009,68.170235648538,71.626848738041,76.583839671815,80.603247220146,82.735062929912,71.944604567129,100.311645140067,87.315024351096,111.357937683193,100,96.2620915259,92.022699172816,149.401254320766,138.81937414323,155.059344974875
Valores constantes|Índice de volumen físico base 2013=100|B.1bV---Valor agregado bruto|Yucatán<C1>,121.783660460651,127.350763627006,132.014926111787,134.137294493769,135.698201542101,107.057982203482,102.926082093615,91.157911928022,92.897229563203,103.463540893389,100,101.979095525136,101.407736239372,118.428502142907,121.343449040394,124.756015480397
Valores constantes|Índice de volumen físico base 2013=100|B.1bV---Valor agregado bruto|Zacatecas<C1>,26.254563015781,27.571268269818,31.299802565232,34.303935911822,31.818246381546,60.143743874551,93.197733051148,76.540772410267,92.234705907419,98.447509339091,100,107.917276252432,106.431544110336,128.236012669915,141.624646676988,136.181696802693
Valores constantes|Variación porcentual anual|B.1bV---Valor agregado bruto|Estados Unidos Mexicanos<C1>,NA,5.206207751698,2.528120193412,7.012142995956,0.222740745913,4.270121517122,-2.612692162547,-2.550234933303,5.040482830146,6.161042965249,0.319256752879,3.175695348492,3.321008365839,10.988462921379,6.056162368432,2.287679983657
Valores constantes|Variación porcentual anual|B.1bV---Valor agregado bruto|Aguascalientes<C1>,NA,-4.193787933474,-5.692436931124,-17.148931090214,9.877911584267,4.910045544645,16.052730262209,-11.407171737256,21.425164596738,13.950900163666,15.237477272881,6.466465292237,7.141637285147,24.126211221004,7.111286013131,4.301509830918
Valores constantes|Variación porcentual anual|B.1bV---Valor agregado bruto|Baja California<C1>,NA,7.824057756985,1.901104716325,11.310599661389,0.755808545547,21.552595095961,-9.813686614798,2.80088372032,13.219135339152,2.212009175452,8.798770640281,4.739484256266,6.89505956216,9.525195344798,10.326225251073,2.338705524818
Valores constantes|Variación porcentual anual|B.1bV---Valor agregado bruto|Baja California Sur<C1>,NA,0.671481059167,7.091618424363,20.577002174041,5.311631986746,0.189718199064,-6.322741548124,-3.894887344082,26.578771866825,2.480343681609,0.775132484378,5.910054155875,2.530754409367,27.714936214809,6.661007357103,-0.344882474665
Valores constantes|Variación porcentual anual|B.1bV---Valor agregado bruto|Campeche<C1>,NA,-0.551597333947,-0.369771204067,10.136859197402,21.419545071609,-15.993061578491,-0.763989262854,0.540990428631,31.77773178808,7.907341970947,-1.935671663514,6.366874443455,-3.669596762941,26.607763615295,-10.925523395492,6.845620344208
Valores constantes|Variación porcentual anual|B.1bV---Valor agregado bruto|Coahuila de Zaragoza<C1>,NA,6.448779410292,-4.047869555138,1.071511842049,1.478228599702,-4.834126501707,15.369050030031,24.659640931311,18.3075588036,6.11748691973,-7.555732804654,-3.383947534347,-5.563528208342,51.990398079616,-4.475983512408,38.551252433668
Valores constantes|Variación porcentual anual|B.1bV---Valor agregado bruto|Colima<C1>,NA,7.368643173665,10.376950591564,16.260104697126,-5.424694458909,9.408602150538,2.172819040288,10.146313197161,-2.832943157008,-12.092582566324,-3.396668001108,16.365954733822,-22.561911023449,29.524550728739,23.482820778937,22.797045032293
Valores constantes|Variación porcentual anual|B.1bV---Valor agregado bruto|Chiapas<C1>,NA,-4.916412269225,1.932485322897,7.350911927046,4.167772763472,15.211384730939,-7.346007427499,8.031462424767,4.024238476838,11.972405773768,0.972570321627,3.790508400827,-5.933075442575,66.891529166286,15.48853836023,9.074187937168
Valores constantes|Variación porcentual anual|B.1bV---Valor agregado bruto|Chihuahua<C1>,NA,5.692044833004,1.959372476694,10.292395906473,-2.007307922601,3.818588761132,-3.801844171267,-5.889150874305,3.989031719179,18.967700760672,0.807974648815,4.817472397381,11.333410164804,13.071607142808,10.378109936555,-2.556489021326
Valores constantes|Variación porcentual anual|B.1bV---Valor agregado bruto|Ciudad de México<C1>,NA,14.543281911617,-1.639918469668,8.514738903233,-5.431800514092,5.680664445083,-8.51595207741,-9.187420418236,1.758639287022,4.607498504296,-14.608939339547,2.19513524622,-1.449125200211,-5.747298051387,4.351064574084,28.836186244357
Valores constantes|Variación porcentual anual|B.1bV---Valor agregado bruto|Durango<C1>,NA,2.036482122596,1.734952812705,10.003783473229,-8.613793279152,79.814608307777,-32.311103186846,-8.036143750429,2.752145054232,14.830749839416,2.671296491746,-8.804572415424,-0.82625064815,45.699639694935,16.821387337348,30.731013482381
Valores constantes|Variación porcentual anual|B.1bV---Valor agregado bruto|Guanajuato<C1>,NA,13.086975074479,3.582920374355,4.959386138316,18.877443800547,9.025797750882,-2.67931722369,6.630391429248,45.597160061411,0.355524119624,0.18033227802,-1.712498807227,3.94878549855,15.274664564456,7.20665853255,-7.418264402681
Valores constantes|Variación porcentual anual|B.1bV---Valor agregado bruto|Guerrero<C1>,NA,-27.147797937516,-0.005130147906,-12.01384421704,-18.496158314234,-11.285440697367,-2.257374150925,-12.010205247325,8.91648995254,15.075759582527,4.472604434623,12.657746734897,10.875220027381,-2.01135992803,-3.560290007696,-22.028559428812
Valores constantes|Variación porcentual anual|B.1bV---Valor agregado bruto|Hidalgo<C1>,NA,15.924310605899,10.048614911945,6.131959159281,-5.454373619278,0.986288589375,-3.617916357337,9.122847557427,-3.545785017666,1.157075193624,3.003886484119,12.775620890805,-2.295287291498,55.339544535452,12.675417399947,30.387580901975
Valores constantes|Variación porcentual anual|B.1bV---Valor agregado bruto|Jalisco<C1>,NA,1.536062221739,12.367306148424,8.456763416356,6.125993671902,-12.162425650726,0.845765337764,7.034924778656,8.929900282781,4.580125334327,7.505980538451,4.891442649956,1.31840579251,5.394509221341,-1.940035764019,0.287327969668
Valores constantes|Variación porcentual anual|B.1bV---Valor agregado bruto|México<C1>,NA,10.339630366595,-0.028513502887,11.235404035982,6.217573676278,-3.174808390952,5.128912869446,11.098483713943,40.510478049546,-8.912708312689,5.074380085959,10.505851929926,-1.528929515111,5.804775644785,3.443824009414,-6.791866486197
Valores constantes|Variación porcentual anual|B.1bV---Valor agregado bruto|Michoacán de Ocampo<C1>,NA,-8.964368692654,-0.191097587321,-5.62647008369,-4.509804160775,-0.214759510231,9.293583678486,-1.638624108674,11.274630651876,-6.057327069975,-14.47236501513,3.844012255228,-3.315601040078,14.081808653197,-1.248246779075,-1.907402194996
Valores constantes|Variación porcentual anual|B.1bV---Valor agregado bruto|Morelos<C1>,NA,6.344562940148,-1.229171639044,1.554510250429,36.718611366533,-10.501117987504,-4.605425786825,27.857340289534,4.406747600036,2.968177759372,5.361671857287,6.808798953153,-4.346180005293,4.955335199085,12.74511003601,0.215292899972
Valores constantes|Variación porcentual anual|B.1bV---Valor agregado bruto|Nayarit<C1>,NA,0.430202228922,1.22099298435,2.502499166944,1.466142193037,-4.78021273869,4.300134589503,-0.319375443577,7.767241658306,-0.342352623201,-1.95871628748,2.010142923006,-4.507517550995,28.589909443725,9.537714089415,22.689903900002
Valores constantes|Variación porcentual anual|B.1bV---Valor agregado bruto|Nuevo León<C1>,NA,4.550158817815,1.793934316943,4.872189671019,-10.191720543019,-2.241094401099,7.811389691045,22.443552268399,-38.266169405903,22.201019569231,-9.885699908005,-2.783205315253,2.908282915967,11.257518203466,6.3300105326,-1.879698644375
Valores constantes|Variación porcentual anual|B.1bV---Valor agregado bruto|Oaxaca<C1>,NA,-11.919451388729,0.374092976426,-7.315617892999,-10.443820381964,90.607257081541,3.007181819176,-4.89854826386,4.201816639885,-4.24227496881,-7.190785059271,-0.328352813592,-7.927584852057,42.503282563026,2.474880333178,17.337355518291
Valores constantes|Variación porcentual anual|B.1bV---Valor agregado bruto|Puebla<C1>,NA,-4.970436503264,15.124067326045,18.115851531582,11.306897867613,5.641951759582,-8.435895421811,6.142181656872,-0.318927874871,6.224002201978,-5.380549353758,-14.160933058488,-0.447387457571,37.752786379439,21.733410518875,6.969703927949
Valores constantes|Variación porcentual anual|B.1bV---Valor agregado bruto|Querétaro<C1>,NA,18.603153076792,1.147649043037,0.638466947844,-9.834073802426,-14.013480437061,4.309576137479,-26.953622093082,31.308871828069,3.029667378661,-1.66453251812,-3.311427409345,4.841274585998,27.175269874052,7.185016581937,16.276002646851
Valores constantes|Variación porcentual anual|B.1bV---Valor agregado bruto|Quintana Roo<C1>,NA,-4.732898023576,3.261419568516,4.062722736993,-7.28595890411,0.812632745405,19.249793899424,18.542842877444,25.174145472218,-3.719425391484,-5.328243453949,-8.013402998637,-18.197814410075,46.526284010716,11.192953538684,23.106499281976
Valores constantes|Variación porcentual anual|B.1bV---Valor agregado bruto|San Luis Potosí<C1>,NA,27.068299647412,2.940650632215,23.555085511602,8.788985939863,-13.563244472038,3.993096910624,7.072536801313,-4.836857696077,0.677043488833,-8.342162404788,18.161321275337,9.764966749906,22.321076907007,6.138375107429,2.681909474668
Valores constantes|Variación porcentual anual|B.1bV---Valor agregado bruto|Sinaloa<C1>,NA,7.345675387751,-0.010940064077,2.004595329644,3.838462776105,-2.320502320502,-7.617875001888,-0.025347298878,-4.207900547968,16.245037353255,-1.8200246783,4.048655684726,2.775261349093,52.361031438445,7.567701589576,14.348887636804
Valores constantes|Variación porcentual anual|B.1bV---Valor agregado bruto|Sonora<C1>,NA,0.262290776571,8.925341756889,23.648407851751,4.807910159578,-20.88102760409,1.968970861673,9.205169990438,4.869257451809,17.59683622604,-3.662309216672,-6.426843984123,-1.224341514816,5.622566593042,3.615426593941,-6.683003067028
Valores constantes|Variación porcentual anual|B.1bV---Valor agregado bruto|Tabasco<C1>,NA,6.773596796162,-2.00483597662,6.392073052263,9.218407596786,2.384296415195,0.032661593233,-0.398341332811,1.140796590723,9.799695329465,-1.679630422269,10.784357877355,2.972940012737,89.468766860106,19.404374127501,38.606461069554
Valores constantes|Variación porcentual anual|B.1bV---Valor agregado bruto|Tamaulipas<C1>,NA,-2.324078835359,4.7273799968,-3.580842089291,3.448259545995,17.573738265938,-7.646001245464,-53.271388908477,8.510721410267,13.618808856135,3.76593444,-1.292925939787,5.469177988024,3.222214395317,-3.339909938396,2.874876793328
Valores constantes|Variación porcentual anual|B.1bV---Valor agregado bruto|Tlaxcala<C1>,NA,-16.275323365653,3.228621736801,-14.716134103955,10.135307485391,7.622421425525,0.607942873912,10.131597497364,13.159474539162,13.225748568397,-6.446267324925,2.245626956362,-13.1900824065,24.769112046003,0.359130903214,26.062437459825
Valores constantes|Variación porcentual anual|B.1bV---Valor agregado bruto|Veracruz de Ignacio de la Llave<C1>,NA,1.623290853276,5.070560570341,6.920576600966,5.24837559145,2.644826087395,-13.042183060795,39.429003388947,-12.956243286434,27.535826177428,-10.19948637654,-3.7379084741,-4.404010224464,62.352610457768,-7.082858993149,11.698634237386
Valores constantes|Variación porcentual anual|B.1bV---Valor agregado bruto|Yucatán<C1>,NA,4.571305498042,3.662453488258,1.607673044626,1.163663732911,-21.105820868034,-3.859497465601,-11.433613255472,1.908027069065,11.37419423579,-3.347595552483,1.979095525136,-0.560270987717,16.784484630796,2.461355876957,2.812320291693
Valores constantes|Variación porcentual anual|B.1bV---Valor agregado bruto|Zacatecas<C1>,NA,5.015148236311,13.523260007214,9.597930658921,-7.246076767008,89.022811481632,54.958316604869,-17.872710092358,20.504017666598,6.735863003573,1.576973019766,7.917276252432,-1.376732432183,20.486847900069,10.44061939257,-3.84322220885
Valores constantes|Contribución a la variación nacional|B.1bV---Valor agregado bruto|Estados Unidos Mexicanos<C1>,NA,5.206207751698,2.528120193412,7.012142995956,0.222740745913,4.270121517122,-2.612692162547,-2.550234933303,5.040482830146,6.161042965249,0.319256752879,3.175695348492,3.321008365839,10.988462921379,6.056162368432,2.287679983657
Valores constantes|Contribución a la variación nacional|B.1bV---Valor agregado bruto|Aguascalientes<C1>,NA,-0.024686458292,-0.030514260693,-0.084556151406,0.037708420527,0.020549575222,0.067596379045,-0.057240775122,0.097739353745,0.07356979034,0.086250762308,0.042046152259,0.047917320878,0.167862430618,0.055334780337,0.033804170956
Valores constantes|Contribución a la variación nacional|B.1bV---Valor agregado bruto|Baja California<C1>,NA,1.283170795224,0.319545542244,1.889505899936,0.131334214424,3.765038922183,-1.998510531299,0.528211204158,2.629853949005,0.474327855474,1.816562946911,1.061204839072,1.567253272972,2.239979542331,2.396337338446,0.564579042943
Valores constantes|Contribución a la variación nacional|B.1bV---Valor agregado bruto|Baja California Sur<C1>,NA,0.000258854939,0.002615972296,0.007928341916,0.002306001929,0.000086546747,-0.002771471785,-0.001642221541,0.011051912782,0.001242849579,0.000374936777,0.002871723596,0.001262295297,0.013717986215,0.003793850787,-0.000197551909
Valores constantes|Contribución a la variación nacional|B.1bV---Valor agregado bruto|Campeche<C1>,NA,-0.000117217331,-0.000074277829,0.001978689559,0.004303126535,-0.003892492728,-0.000149809286,0.000108095595,0.006550940775,0.002045015565,-0.000508842769,0.001636081571,-0.000972133713,0.006571897425,-0.003078273153,0.001619925657
Valores constantes|Contribución a la variación nacional|B.1bV---Valor agregado bruto|Coahuila de Zaragoza<C1>,NA,0.091256134129,-0.057957597387,0.014357951009,0.018708233995,-0.061946362041,0.179748873885,0.341658994651,0.324475285323,0.122118094308,-0.150766669192,-0.062222584779,-0.095795830334,0.8182209058,-0.096465989312,0.748343348683
Valores constantes|Contribución a la variación nacional|B.1bV---Valor agregado bruto|Colima<C1>,NA,0.004263780411,0.006127920906,0.010337181379,-0.003746724234,0.006132153674,0.001485946158,0.007279822577,-0.00229741557,-0.009071583445,-0.002109975843,0.009789793456,-0.015221470079,0.01492897548,0.013857064174,0.015662827154
Valores constantes|Contribución a la variación nacional|B.1bV---Valor agregado bruto|Chiapas<C1>,NA,-0.008258937773,0.002933974252,0.011095603578,0.006310829131,0.023939674637,-0.01277427828,0.01328744315,0.007380740827,0.021745806027,0.00186320623,0.00730897513,-0.011508510707,0.118129587908,0.041129597314,0.026239452457
Valores constantes|Contribución a la variación nacional|B.1bV---Valor agregado bruto|Chihuahua<C1>,NA,0.636355795235,0.220064317172,1.149564298898,-0.231069855632,0.429793257552,-0.426055584063,-0.651912061406,0.42644469949,2.007431550009,0.095826953669,0.57414259267,1.372200003094,1.705385916789,1.379391928236,-0.353639192621
Valores constantes|Contribución a la variación nacional|B.1bV---Valor agregado bruto|Ciudad de México<C1>,NA,1.228667178385,-0.150842022756,0.751358685071,-0.486043854191,0.479633629465,-0.728751319157,-0.738554838392,0.131744090602,0.334375275871,-1.044684812076,0.133615235146,-0.087368207269,-0.330508842484,0.212486265624,1.385588062418
Valores constantes|Contribución a la variación nacional|B.1bV---Valor agregado bruto|Durango<C1>,NA,0.003418838818,0.00282487869,0.016162316659,-0.014305674349,0.120867809723,-0.084381092392,-0.014586669053,0.004714288216,0.024850899174,0.004841658078,-0.016332212884,-0.001354703444,0.071920598743,0.034752253405,0.069933375922
Valores constantes|Contribución a la variación nacional|B.1bV---Valor agregado bruto|Guanajuato<C1>,NA,0.163271531798,0.04804847074,0.067191678963,0.250852813461,0.142263854351,-0.044157299183,0.109199417415,0.821711101891,0.008880688248,0.004258210542,-0.040381467864,0.088702580921,0.345203490647,0.169158362246,-0.176014192372
Valores constantes|Contribución a la variación nacional|B.1bV---Valor agregado bruto|Guerrero<C1>,NA,-0.230598236231,-0.000030175368,-0.06891907042,-0.087240918832,-0.04328814988,-0.007366972846,-0.039338481566,0.026370149741,0.046231161208,0.014867390983,0.043817620534,0.041106840397,-0.0081585259,-0.012749852835,-0.071734137558
Valores constantes|Contribución a la variación nacional|B.1bV---Valor agregado bruto|Hidalgo<C1>,NA,0.072936042122,0.050713187861,0.033216628382,-0.029303149277,0.004998602376,-0.017758473704,0.044317115225,-0.019288051607,0.005779656701,0.014297334046,0.062434245681,-0.012260713029,0.279538179138,0.089613205308,0.228243877954
Valores constantes|Contribución a la variación nacional|B.1bV---Valor agregado bruto|Jalisco<C1>,NA,0.071050796716,0.552095498262,0.413752136939,0.303763921931,-0.638609449613,0.037409807977,0.322218417627,0.449243935895,0.238947985506,0.385760207271,0.269398564401,0.073819324662,0.296191517469,-0.101151088818,0.013851428108
Valores constantes|Contribución a la variación nacional|B.1bV---Valor agregado bruto|México<C1>,NA,1.00399330142,-0.002903798884,1.115675278298,0.641770914702,-0.347301542081,0.521006328896,1.217029596241,5.064448906214,-1.490481264865,0.728102353149,1.578894990126,-0.246103226961,0.890502833688,0.503637721095,-0.968802161777
Valores constantes|Contribución a la variación nacional|B.1bV---Valor agregado bruto|Michoacán de Ocampo<C1>,NA,-0.209264682008,-0.003860125934,-0.110639083221,-0.078207314947,-0.003548416636,0.146950762567,-0.029077715079,0.20194218862,-0.114933124031,-0.242997290508,0.055026114093,-0.047769467842,0.189851634497,-0.017297961128,-0.024611928649
Valores constantes|Contribución a la variación nacional|B.1bV---Valor agregado bruto|Morelos<C1>,NA,0.072030049835,-0.014105823995,0.017185620641,0.385233489148,-0.150291592879,-0.056575274297,0.335210676652,0.069573081525,0.046578428002,0.081608050275,0.10884328213,-0.071923109472,0.075918473198,0.184648039354,0.003315832818
Valores constantes|Contribución a la variación nacional|B.1bV---Valor agregado bruto|Nayarit<C1>,NA,0.000310137521,0.000840267942,0.001700224095,0.000954134743,-0.00314945724,0.002587246853,-0.000205797383,0.005119589013,-0.000231511196,-0.001243412782,0.001247083155,-0.002764851777,0.016207937553,0.006264527616,0.015392333001
Valores constantes|Contribución a la variación nacional|B.1bV---Valor agregado bruto|Nuevo León<C1>,NA,0.664802976226,0.260469135055,0.702348763369,-1.439804136235,-0.283704459154,0.927108935664,2.948874857896,-6.31734886008,2.154067492297,-1.104087423014,-0.279222681247,0.274919783721,1.059921483892,0.597429964249,-0.1778651018
Valores constantes|Contribución a la variación nacional|B.1bV---Valor agregado bruto|Oaxaca<C1>,NA,-0.038073654291,0.001000429512,-0.019152990466,-0.023682005127,0.183590981593,0.011138522836,-0.019191125651,0.016064843691,-0.016090028124,-0.02460044365,-0.001039235963,-0.024238657126,0.115805991077,0.008657844701,0.058603014104
Valores constantes|Contribución a la variación nacional|B.1bV---Valor agregado bruto|Puebla<C1>,NA,-0.077290177559,0.212429949044,0.285712358125,0.19682890039,0.109076343139,-0.16523761767,0.113115803975,-0.006397353104,0.11847686997,-0.102482081465,-0.254395429436,-0.006686653563,0.543673361887,0.388453897017,0.142988072013
Valores constantes|Contribución a la variación nacional|B.1bV---Valor agregado bruto|Querétaro<C1>,NA,0.45557980869,0.031684136503,0.017389375859,-0.25188945653,-0.322922801019,0.081895068029,-0.548608011447,0.477672587052,0.05778235141,-0.030809855787,-0.060081186639,0.082315329756,0.468854974949,0.142042160255,0.325188678409
Valores constantes|Contribución a la variación nacional|B.1bV---Valor agregado bruto|Quintana Roo<C1>,NA,-0.002637389945,0.001645718152,0.00206471954,-0.003600747965,0.000371517744,0.008508762537,0.010036260252,0.01657466943,-0.00291825955,-0.003791452513,-0.005381144747,-0.010894920607,0.022053599172,0.00700428017,0.0151598296
Valores constantes|Contribución a la variación nacional|B.1bV---Valor agregado bruto|San Luis Potosí<C1>,NA,0.3578889315,0.046959836307,0.377669351828,0.162702187446,-0.272544150557,0.066515322848,0.125802485068,-0.094531077964,0.011987812195,-0.140077145155,0.278625835639,0.171570511399,0.416641124691,0.126276889058,0.055214239043
Valores constantes|Contribución a la variación nacional|B.1bV---Valor agregado bruto|Sinaloa<C1>,NA,0.021384836805,-0.00003249655,0.005807023705,0.010599146479,-0.00663876878,-0.0204165763,-0.000064441605,-0.010975118947,0.038640030938,-0.004740272112,0.01031989914,0.007133908998,0.13388496965,0.026563402153,0.051083884507
Valores constantes|Contribución a la variación nacional|B.1bV---Valor agregado bruto|Sonora<C1>,NA,0.009462857442,0.306874208825,0.863820245517,0.202923938515,-0.921629978375,0.065942403553,0.322792155785,0.191344639363,0.690366386573,-0.159158748997,-0.268216314315,-0.046340837879,0.203449773916,0.124497614943,-0.224833828072
Valores constantes|Contribución a la variación nacional|B.1bV---Valor agregado bruto|Tabasco<C1>,NA,0.008136836386,-0.002444204816,0.007448385181,0.010679539207,0.003010138086,0.000040488996,-0.000507217792,0.001484680814,0.01228024739,-0.002176928839,0.01369884616,0.004054869518,0.121617666291,0.045028206088,0.100862406782
Valores constantes|Contribución a la variación nacional|B.1bV---Valor agregado bruto|Tamaulipas<C1>,NA,-0.328352606142,0.620092208497,-0.479775619321,0.416277775661,2.189799465276,-1.074298583308,-7.09803280984,0.54376648121,0.898878773,0.266023382282,-0.094469409308,0.382305443932,0.229921605707,-0.221643725339,0.173880631751
Valores constantes|Contribución a la variación nacional|B.1bV---Valor agregado bruto|Tlaxcala<C1>,NA,-0.093011952065,0.014683798353,-0.067386378393,0.036987001575,0.030567888936,0.00251639111,0.043323467254,0.06359382819,0.06885427282,-0.035793071627,0.011628001654,-0.067683423658,0.106788861267,0.001740594244,0.119531062219
Valores constantes|Contribución a la variación nacional|B.1bV---Valor agregado bruto|Veracruz de Ignacio de la Llave<C1>,NA,0.013055080228,0.039390461278,0.055095410871,0.041747097299,0.022092640398,-0.107245228508,0.28950079126,-0.136108540236,0.239709535493,-0.106667600183,-0.034992695697,-0.038465815537,0.503886014464,-0.083727418106,0.121158586026
Valores constantes|Contribución a la variación nacional|B.1bV---Valor agregado bruto|Yucatán<C1>,NA,0.054940739802,0.04375196256,0.019417872249,0.013345192812,-0.244319356484,-0.033804262872,-0.098861736754,0.014993996322,0.086717189314,-0.026775459546,0.015251026112,-0.004267408258,0.123039729016,0.018985370547,0.020957218326
Valores constantes|Contribución a la variación nacional|B.1bV---Valor agregado bruto|Zacatecas<C1>,NA,0.002263759703,0.006093103174,0.004788247616,-0.003702296674,0.042095493486,0.047110971451,-0.024377635454,0.023569307919,0.008882719048,0.002090846416,0.010628809646,-0.001933178449,0.027459226287,0.01519151976,-0.005823222437
Valores corrientes|Millones de pesos|B.1bV---Valor agregado bruto|Estados Unidos Mexicanos<C1>,30604.732000000007,32604.969999999998,35013.174,38144.9,40550.026999999995,47836.881,49818.234000000004,45125.61499999999,45594.49399999999,54588.26900000001,52442.373,60574.73800000002,73556.30200000001,85378.09999999999,94360.27600000003,103741.89699999998
Valores corrientes|Millones de pesos|B.1bV---Valor agregado bruto|Aguascalientes<C1>,156.894,152.323,149.081,124.453,143.736,160.229,195.2,191.174,244.989,298.155,340.99,396.325,493.103,631.049,725.034,782.696
Valores corrientes|Millones de pesos|B.1bV---Valor agregado bruto|Baja California<C1>,4666.372,4965.246,5375.267,6179.395,6571.702,8606.466,8493.723,9442.582,9732.645,12221.814,11742.227,14797.237,19234.8,21652.287,25151.169,27224.295
Valores corrientes|Millones de pesos|B.1bV---Valor agregado bruto|Baja California Sur<C1>,9.581,10.217,11.661,14.184,16.01,16.933,17.269,18.042,23.468,25.01,25.482,27.205,29.147,39.45,43.422,51.737
Valores corrientes|Millones de pesos|B.1bV---Valor agregado bruto|Campeche<C1>,5.001,5.467,5.752,6.721,8.619,7.449,8.156,8.725,12.459,13.665,13.476,14.868,15.606,20.692,17.669,20.358
Valores corrientes|Millones de pesos|B.1bV---Valor agregado bruto|Coahuila de Zaragoza<C1>,367.445,408.04,414.239,442.974,472.993,470.694,596.079,790.881,942.979,1084.96,964.288,1020.67,1104.254,1734.151,1793.146,2701.82
Valores corrientes|Millones de pesos|B.1bV---Valor agregado bruto|Colima<C1>,14.826,16.901,19.827,23.331,23.169,26.311,29.265,34.663,34.961,31.661,31.37,37.202,30.543,41.823,55.696,78.905
Valores corrientes|Millones de pesos|B.1bV---Valor agregado bruto|Chiapas<C1>,38.345,40.222,43.926,48.769,54.895,67.431,69.137,79.938,84.456,94.802,101.121,107.974,108.217,189.569,242.572,298.603
Valores corrientes|Millones de pesos|B.1bV---Valor agregado bruto|Chihuahua<C1>,3135.194,3366.161,3582.438,4094.699,4225.073,4694.822,4980.419,5105.824,4841.215,6923.16,6250.041,7806.224,10468.507,12335.835,14421.135,14840.38
Valores corrientes|Millones de pesos|B.1bV---Valor agregado bruto|Ciudad de México<C1>,2124.691,2559.479,2637.637,2955.651,2873.803,3255.95,3240.976,3248.804,3288.844,3628.299,3192.104,3377.232,3669.165,3675.24,3861.182,5658.224
Valores corrientes|Millones de pesos|B.1bV---Valor agregado bruto|Durango<C1>,41.459,45.901,49.585,55.967,53.465,104.226,76.597,73.781,79.573,90.962,97.279,89.379,95.54,147.598,163.6,223.81
Valores corrientes|Millones de pesos|B.1bV---Valor agregado bruto|Guanajuato<C1>,281.944,341.425,376.483,415.641,499.118,569.616,616.218,726.261,1148.369,1189.518,1236.614,1271.456,1438.188,1813.426,2022.637,2254.202
Valores corrientes|Millones de pesos|B.1bV---Valor agregado bruto|Guerrero<C1>,126.184,95.127,104.732,110.925,102.777,99.222,112.591,116.304,142.185,169.766,181.541,210.062,250.483,265.556,266.176,226.328
Valores corrientes|Millones de pesos|B.1bV---Valor agregado bruto|Hidalgo<C1>,110.756,135.271,156.527,174.492,172.313,182.324,203.367,243.562,233.897,239.617,256.285,293.7,315.78,520.023,601.626,824.918
Valores corrientes|Millones de pesos|B.1bV---Valor agregado bruto|Jalisco<C1>,1104.491,1229.34,1452.92,1667.225,1853.022,1718.599,1946.918,2255.943,2443.649,2665.251,2888.289,3139.043,3604.43,4344.015,4584.81,4751.338
Valores corrientes|Millones de pesos|B.1bV---Valor agregado bruto|México<C1>,2049.781,2479.846,2584.602,3021.768,3187.806,3315.287,4148.609,5057.587,7544.56,7349.961,7881.417,9046.001,10311.734,11586.402,11925.701,12262.234
Valores corrientes|Millones de pesos|B.1bV---Valor agregado bruto|Michoacán de Ocampo<C1>,581.803,554.609,569.607,568.689,550.21,580.768,691.521,729.389,875.024,844.82,750.7,839.754,889.949,1087.801,1089.13,1232.554
Valores corrientes|Millones de pesos|B.1bV---Valor agregado bruto|Morelos<C1>,287.166,325.207,337.975,357.722,503.581,455.726,483.515,691.96,731.79,772.462,838.327,930.672,1001.151,1120.591,1275.997,1437.061
Valores corrientes|Millones de pesos|B.1bV---Valor agregado bruto|Nayarit<C1>,18.269,20.279,21.673,22.827,24.325,24.702,27.7,30.905,31.386,32.606,32.535,34.267,35.232,48.188,52.291,72.343
Valores corrientes|Millones de pesos|B.1bV---Valor agregado bruto|Nuevo León<C1>,3534.547,3931.172,4322.037,4765.155,4542.225,4656.685,5305.091,7360.146,4357.006,5704.907,5261.236,5667.251,6716.926,7824.633,8321.702,8785.051
Valores corrientes|Millones de pesos|B.1bV---Valor agregado bruto|Oaxaca<C1>,66.918,68.167,72.747,73.968,71.279,138.44,159.886,154.719,168.062,169.539,165.98,170.978,170.325,256.05,266.87,335.45
Valores corrientes|Millones de pesos|B.1bV---Valor agregado bruto|Puebla<C1>,403.794,399.434,484.454,595.928,676.263,754.869,783.511,892.572,899.662,991.631,942.106,836.579,941.256,1380.27,1893.487,2233.784
Valores corrientes|Millones de pesos|B.1bV---Valor agregado bruto|Querétaro<C1>,622.748,764.633,827.131,846.007,800.975,729.57,842.538,666.942,869.788,955.194,951.493,930.545,1044.09,1450.675,1771.829,2228.864
Valores corrientes|Millones de pesos|B.1bV---Valor agregado bruto|Quintana Roo<C1>,11.817,12.976,14.171,16.568,16.452,16.805,21.941,27.7,37.952,37.208,35.216,33.434,29.66,45.313,56.407,80.823
Valores corrientes|Millones de pesos|B.1bV---Valor agregado bruto|San Luis Potosí<C1>,373.237,514.794,533.733,681.261,767.345,713.012,744.505,840.011,848.03,910.879,804.556,993.847,1178.155,1569.057,1781.462,2108.473
Valores corrientes|Millones de pesos|B.1bV---Valor agregado bruto|Sinaloa<C1>,73.859,85.219,90.013,93.443,102.254,104.862,106.675,114.59,112.598,132.978,133.674,141.505,155.587,250.547,292.111,360.106
Valores corrientes|Millones de pesos|B.1bV---Valor agregado bruto|Sonora<C1>,993.007,982.147,1131.555,1455.049,1607.545,1458.586,1597.807,1946.211,1763.906,2466.601,2188.617,2420.009,2830.843,3022.305,3354.807,3334.457
Valores corrientes|Millones de pesos|B.1bV---Valor agregado bruto|Tabasco<C1>,30.302,34.68,35.449,39.814,45.709,49.545,54.595,57.59,60.523,65.272,66.615,74.623,83.376,166.12,198.732,276.949
Valores corrientes|Millones de pesos|B.1bV---Valor agregado bruto|Tamaulipas<C1>,8706.355,8362.417,8838.174,8483.532,9697.232,13982.71,13336.683,3138.082,2948.509,4121.648,3831.774,4532.508,5858.539,6132.397,6148.973,6664.497
Valores corrientes|Millones de pesos|B.1bV---Valor agregado bruto|Tlaxcala<C1>,150.288,134.448,142.778,118.983,137.673,152.627,179.919,213.971,260.194,303.974,271.55,292.482,293.836,394.869,413.838,544.717
Valores corrientes|Millones de pesos|B.1bV---Valor agregado bruto|Veracruz de Ignacio de la Llave<C1>,197.356,219.061,243.012,274.658,305.672,324.8,309.976,453.623,421.577,536.169,490.943,486.686,511.254,863.908,715.21,875.12
Valores corrientes|Millones de pesos|B.1bV---Valor agregado bruto|Yucatán<C1>,309.223,332.136,368.816,397.58,425.396,364.377,381.727,364.358,348.365,447.133,404.124,478.362,565.273,661.661,717.49,820.113
Valores corrientes|Millones de pesos|B.1bV---Valor agregado bruto|Zacatecas<C1>,11.079,12.625,15.172,17.521,17.39,33.238,56.12,48.775,61.873,68.647,70.403,76.658,81.353,106.599,134.365,151.687
Valores corrientes|Participación porcentual|B.1bV---Valor agregado bruto|Estados Unidos Mexicanos<C1>,100,100,100,100,100,100,100,100,100,100,100,100,100,100,100,100
Valores corrientes|Participación porcentual|B.1bV---Valor agregado bruto|Aguascalientes<C1>,0.512646214317,0.467177243224,0.425785448643,0.326263799355,0.354465855226,0.334948676942,0.391824407104,0.423648519804,0.537321458157,0.546188779131,0.650218478863,0.654274394055,0.670374919065,0.739122796127,0.768367824613,0.754464707735
Valores corrientes|Participación porcentual|B.1bV---Valor agregado bruto|Baja California<C1>,15.247223860676,15.228494306236,15.352127173618,16.199793419304,16.206405978472,17.991277483162,17.049426119762,20.925104289437,21.346097184454,22.389085098119,22.390724004804,24.428066036373,26.149764842719,25.360469488077,26.654403808654,26.242333895244
Valores corrientes|Participación porcentual|B.1bV---Valor agregado bruto|Baja California Sur<C1>,0.031305616399,0.031335713543,0.033304607003,0.037184525323,0.03948209455,0.035397374674,0.034664014786,0.039981726565,0.051471127194,0.045815704469,0.048590478543,0.044911461276,0.039625428695,0.046206228529,0.046017245647,0.049870882928
Valores corrientes|Participación porcentual|B.1bV---Valor agregado bruto|Campeche<C1>,0.016340610334,0.016767382396,0.016428102177,0.017619655576,0.021255226291,0.015571667392,0.016371515698,0.019334916544,0.027325667876,0.025032850923,0.02569677768,0.024544885361,0.021216401009,0.024235723212,0.018725040609,0.019623701309
Valores corrientes|Participación porcentual|B.1bV---Valor agregado bruto|Coahuila de Zaragoza<C1>,1.200614989865,1.251465650789,1.183094683161,1.161292859596,1.166443119754,0.983956290963,1.19650768833,1.75262098921,2.068186127913,1.987533255543,1.838757372783,1.684976334524,1.50123642703,2.031142646651,1.900318731582,2.604367259642
Valores corrientes|Participación porcentual|B.1bV---Valor agregado bruto|Colima<C1>,0.048443489066,0.05183565573,0.056627256929,0.061164139898,0.05713683002,0.055001495603,0.058743551608,0.076814465576,0.076678118196,0.057999640912,0.059818040652,0.061415040706,0.041523294632,0.048985629804,0.059024837952,0.076058952344
Valores corrientes|Participación porcentual|B.1bV---Valor agregado bruto|Chiapas<C1>,0.125291082438,0.123361561136,0.125455635642,0.127851953996,0.135375988776,0.140960277072,0.138778504272,0.177145508155,0.185232892375,0.173667349664,0.192823082205,0.178249223298,0.147121316675,0.222034690395,0.257070040787,0.287832600555
Valores corrientes|Participación porcentual|B.1bV---Valor agregado bruto|Chihuahua<C1>,10.244147865761,10.324073293121,10.231685936271,10.734590993816,10.419408598668,9.81423099052,9.997180951858,11.314691223599,10.617981636116,12.682505100134,11.917921791983,12.886929861752,14.231964788007,14.448476834223,15.283057247522,14.305097968278
Valores corrientes|Participación porcentual|B.1bV---Valor agregado bruto|Ciudad de México<C1>,6.942361070177,7.849965818095,7.533270191386,7.748482759163,7.087055700357,6.806359302564,6.505601944862,7.199467530803,7.213248161061,6.646664322695,6.086879401891,5.575314250637,4.988240164656,4.304663608115,4.09195708584,5.4541358541
Valores corrientes|Participación porcentual|B.1bV---Valor agregado bruto|Durango<C1>,0.135465979575,0.140779151154,0.14161812351,0.146722104397,0.131849480643,0.21787791725,0.153752941142,0.163501372779,0.174523265901,0.166632871249,0.18549694538,0.147551608065,0.129886899426,0.17287571403,0.173378043108,0.215737331273
Valores corrientes|Participación porcentual|B.1bV---Valor agregado bruto|Guanajuato<C1>,0.921243159391,1.047156307765,1.075260986051,1.089637146775,1.230869710642,1.190746528813,1.236932645987,1.609420724792,2.518657186984,2.17907257693,2.358043561454,2.098987204864,1.955220641734,2.123994326414,2.143525947296,2.172894524957
Valores corrientes|Participación porcentual|B.1bV---Valor agregado bruto|Guerrero<C1>,0.412302254436,0.291756134111,0.299121696308,0.290799032112,0.253457291163,0.207417369038,0.22600359539,0.257733883516,0.311846864667,0.310993557975,0.346172359515,0.346781524668,0.34053234487,0.311035265484,0.282084804415,0.218164508791
Valores corrientes|Participación porcentual|B.1bV---Valor agregado bruto|Hidalgo<C1>,0.361891749289,0.414878467915,0.447051729729,0.457445163049,0.424939297821,0.38113688892,0.408218003071,0.539742228444,0.512993959314,0.438953285,0.488698327972,0.484855584518,0.429303800509,0.609082422776,0.637583976545,0.795163789997
Valores corrientes|Participación porcentual|B.1bV---Valor agregado bruto|Jalisco<C1>,3.608889631839,3.770406781543,4.149638076228,4.370767782849,4.569718288967,3.592623440479,3.908042986831,4.999251533746,5.359526525286,4.88246110167,5.507548256827,5.182099178043,4.900232749602,5.08797337959,4.858834876659,4.579960592007
Valores corrientes|Participación porcentual|B.1bV---Valor agregado bruto|México<C1>,6.697594999362,7.605730046677,7.381798633851,7.921813925322,7.861415234076,6.93039958019,8.327491094927,11.207796281558,16.547085707323,13.464359897545,15.028719238163,14.933619688128,14.018831452402,13.57069552965,12.638476174021,11.819943874749
Valores corrientes|Participación porcentual|B.1bV---Valor agregado bruto|Michoacán de Ocampo<C1>,1.901023018271,1.700995277714,1.626836230272,1.490865095989,1.356867160656,1.214059085499,1.388088144594,1.616352486276,1.919144008924,1.547621889238,1.431476031796,1.386310577191,1.209888175183,1.274098392913,1.154225110575,1.188096647201
Valores corrientes|Participación porcentual|B.1bV---Valor agregado bruto|Morelos<C1>,0.93830588028,0.997415424704,0.965279525929,0.937797713456,1.241875868541,0.952666625569,0.970558289963,1.53340846435,1.604996427858,1.415069600393,1.598568012931,1.536402848329,1.361067607776,1.312504026208,1.352260775498,1.38522722406
Valores corrientes|Participación porcentual|B.1bV---Valor agregado bruto|Nayarit<C1>,0.059693383363,0.062196039438,0.061899558149,0.059842862349,0.059987629601,0.051637982,0.055602131541,0.068486601235,0.068837259166,0.059730782084,0.062039526701,0.056569786567,0.047898003355,0.056440703178,0.055416327947,0.069733639052
Valores corrientes|Participación porcentual|B.1bV---Valor agregado bruto|Nuevo León<C1>,11.549021242859,12.056971682538,12.344030849645,12.492246669935,11.201533848547,9.734507983495,10.648894137837,16.310350562535,9.555991563367,10.450793008293,10.03241405571,9.355799442335,9.131679838935,9.164683917773,8.819073399065,8.468180411237
Valores corrientes|Participación porcentual|B.1bV---Valor agregado bruto|Oaxaca<C1>,0.218652461979,0.209069353537,0.207770366663,0.193913209892,0.175780400837,0.289400138776,0.320938714929,0.342862917215,0.368601524561,0.310577717714,0.316499789207,0.282259578242,0.231557317822,0.299901262736,0.2828202834,0.323350555273
Valores corrientes|Participación porcentual|B.1bV---Valor agregado bruto|Puebla<C1>,1.319384205031,1.225070901767,1.38363348607,1.562274380061,1.667725153426,1.578006308563,1.572739411036,1.977971934565,1.973181235436,1.816564287833,1.796459515667,1.381069118285,1.27964018637,1.616655793465,2.006656911432,2.153212987806
Valores corrientes|Participación porcentual|B.1bV---Valor agregado bruto|Querétaro<C1>,2.034809518999,2.345142473678,2.362342242951,2.217877094972,1.975276120038,1.5251203355,1.691224140944,1.477967668695,1.90766016616,1.749815514392,1.814359163343,1.536193189973,1.419443299365,1.699118392187,1.877727657346,2.148470448733
Valores corrientes|Participación porcentual|B.1bV---Valor agregado bruto|Quintana Roo<C1>,0.038611676129,0.039797613677,0.040473337264,0.043434377859,0.040572106154,0.035129798701,0.044042107153,0.061384204958,0.083238120813,0.06816116481,0.067151804896,0.055194625852,0.040322853642,0.053073329109,0.059778332993,0.077907771438
Valores corrientes|Participación porcentual|B.1bV---Valor agregado bruto|San Luis Potosí<C1>,1.219540167841,1.578881992531,1.524377652823,1.785981874379,1.892341526678,1.490506874811,1.494442777719,1.861494851649,1.859939491817,1.668635068828,1.534171613478,1.64069549917,1.601705044933,1.837774558113,1.88793640239,2.032421867127
Valores corrientes|Participación porcentual|B.1bV---Valor agregado bruto|Sinaloa<C1>,0.241331961345,0.261368128847,0.257083233871,0.244968527903,0.2521675263,0.219207435368,0.214128425347,0.253935597332,0.246955257361,0.243601789242,0.254896932296,0.233603981911,0.21152096526,0.293455815953,0.309569887227,0.347117230756
Valores corrientes|Participación porcentual|B.1bV---Valor agregado bruto|Sonora<C1>,3.244619165428,3.012261627598,3.231797837008,3.814530907146,3.964350011407,3.04908256874,3.207273465374,4.312874184651,3.868682038669,4.518555076366,4.173375220835,3.995079599024,3.848539041563,3.539906603684,3.555317070077,3.214185489591
Valores corrientes|Participación porcentual|B.1bV---Valor agregado bruto|Tabasco<C1>,0.099010832704,0.106364152459,0.101244748619,0.10437568325,0.112722489679,0.103570715658,0.109588388862,0.127621529369,0.132741905196,0.119571477894,0.127025144343,0.123191618262,0.113349907123,0.194569801858,0.210609812121,0.266959645051
Valores corrientes|Participación porcentual|B.1bV---Valor agregado bruto|Tamaulipas<C1>,28.447741349279,25.647675799119,25.242424465717,22.240278516918,23.91424301641,29.229978434422,26.770686010267,6.954103561802,6.466809347637,7.550428096557,7.306637325508,7.482505330853,7.964700291757,7.182634656897,6.516484754665,6.424113297253
Valores corrientes|Participación porcentual|B.1bV---Valor agregado bruto|Tlaxcala<C1>,0.491061316923,0.412354312855,0.40778365309,0.31192374341,0.339513953961,0.319057172645,0.361150899086,0.474167498881,0.570669783066,0.556848578584,0.517806469208,0.482844845321,0.399470870626,0.462494480435,0.438572265304,0.525069442291
Valores corrientes|Participación porcentual|B.1bV---Valor agregado bruto|Veracruz de Ignacio de la Llave<C1>,0.644854527725,0.671863829349,0.694058756284,0.720038589694,0.753814541233,0.678974032609,0.622213946805,1.005245025469,0.924622609037,0.982205535772,0.936157103341,0.803447139961,0.695051254752,1.011861355547,0.757956663883,0.843555039291
Valores corrientes|Participación porcentual|B.1bV---Valor agregado bruto|Yucatán<C1>,1.010376434598,1.018666786076,1.053363513973,1.042288746333,1.049064652904,0.761707269335,0.766239525873,0.80743054693,0.764050589091,0.819100895103,0.770605861028,0.789705437934,0.768490237587,0.774977423953,0.760372934899,0.790532102955
Valores corrientes|Participación porcentual|B.1bV---Valor agregado bruto|Zacatecas<C1>,0.036200284322,0.03872109068,0.043332261165,0.045932745924,0.042885298202,0.069481954729,0.112649517042,0.10808716956,0.135702789025,0.125754124938,0.134248310998,0.126551104521,0.110599632918,0.124855202915,0.14239572593,0.146215756976
Índice de precios implícitos base 2013=100|B.1bV---Valor agregado bruto|Estados Unidos Mexicanos<C1>,74.737604120736,75.682074735752,79.267965459778,80.699277948484,85.596900883414,96.843364492248,103.560224047245,96.260251150398,92.593296828892,104.42423292909,100,111.951986648575,131.574434331621,137.600582776739,143.392713030368,154.123454997814
Índice de precios implícitos base 2013=100|B.1bV---Valor agregado bruto|Aguascalientes<C1>,65.08855119541,65.958395759901,68.451090949163,68.970810726933,72.496179394453,77.032432380458,80.864320275734,89.393797695646,94.344469047848,100.761400734027,100,109.168411194359,126.772451133387,130.703382282886,140.199634917934,145.107890594728
Índice de precios implícitos base 2013=100|B.1bV---Valor agregado bruto|Baja California<C1>,69.482834894041,68.56828233984,72.845654433858,75.233807685509,79.409937591737,85.557407243932,93.624652106497,101.247903755013,92.173552091795,113.242431626826,100,120.314986533589,146.30835870208,150.373463227467,158.324032622174,167.457803538892
Índice de precios implícitos base 2013=100|B.1bV---Valor agregado bruto|Baja California Sur<C1>,60.693019130876,64.290208910144,68.517539220871,69.119438623849,74.082643098422,78.205246628487,85.140265246758,92.556302262351,95.112263921537,98.908486909752,100,100.804061064177,105.334104296917,111.629881154499,115.196052422136,137.730273666276
Índice de precios implícitos base 2013=100|B.1bV---Valor agregado bruto|Campeche<C1>,57.469547230522,63.173099144904,66.713059614939,70.777169334457,74.752818733738,76.90481106752,84.852267998335,90.283526490066,97.832744405183,99.439673992141,100,103.725408120553,113.021436848204,118.361743507608,113.466478294375,122.358456545258
Índice de precios implícitos base 2013=100|B.1bV---Valor agregado bruto|Coahuila de Zaragoza<C1>,63.410092601221,66.149733400557,69.987700084815,74.049172874012,77.91549091604,81.475403877012,89.433940183225,95.188353258495,95.931713004174,104.012838629396,100,109.554267289356,125.508510793068,129.680582808873,140.375436533627,152.658652401003
Índice de precios implícitos base 2013=100|B.1bV---Valor agregado bruto|Colima<C1>,62.570162481536,66.432137101529,70.606459883907,71.464453089105,75.038865137971,77.886977886978,84.789222077358,91.177631059789,94.642663779101,97.499461090752,100,101.912119219812,108.047969435404,114.22679849238,123.188534017517,142.122516615933
Índice de precios implícitos base 2013=100|B.1bV---Valor agregado bruto|Chiapas<C1>,55.742113679314,61.494006849315,65.883729301656,68.138823299289,73.629218305703,78.502159563198,86.869714903188,92.973865711395,94.428604970986,94.662845616943,100,102.877451073804,109.612365411691,115.052771489437,127.476916447261,143.867619992869
Índice de precios implícitos base 2013=100|B.1bV---Valor agregado bruto|Chihuahua<C1>,68.483085396946,69.568314739614,72.615298671436,75.253353201434,79.239988177035,84.811392724514,93.526395886086,101.881297213512,92.895667888463,111.664825521896,100,119.158344317435,143.530000677306,149.579792295204,158.423959463356,167.306771545635
Índice de precios implícitos base 2013=100|B.1bV---Valor agregado bruto|Ciudad de México<C1>,61.41501108666,64.589318840174,67.671418514246,69.88028632549,71.847787253969,77.026221727737,83.809125823746,92.510918883332,92.032552358065,97.059588285113,100,103.527002689923,114.129917490486,121.28976559437,122.112983182979,138.894114736038
Índice de precios implícitos base 2013=100|B.1bV---Valor agregado bruto|Durango<C1>,60.307508800512,65.436375559547,69.482785196811,71.293725000637,74.526066350711,80.795975162598,87.721890102843,91.880549432759,96.439262643769,96.004137290497,100,100.749599837681,108.591627737807,115.141822947546,109.248018377173,114.322346006303
Índice de precios implícitos base 2013=100|B.1bV---Valor agregado bruto|Guanajuato<C1>,55.187695005892,59.096550184252,62.910629452193,66.172228236643,66.843803276581,69.969831271312,77.778198506581,85.967682559449,93.362194769983,96.365000307845,100,104.608959575856,113.831848488878,124.512828400108,129.541955300965,155.94089166123
Índice de precios implícitos base 2013=100|B.1bV---Valor agregado bruto|Guerrero<C1>,36.277178991068,37.539659989582,41.33217044015,49.753531076614,56.560381262657,61.55020005583,71.45640556973,83.887999307569,94.159757357421,97.696367015981,100,102.70975943673,110.460747391538,119.511613359076,124.212982407019,135.456803423407
Índice de precios implícitos base 2013=100|B.1bV---Valor agregado bruto|Hidalgo<C1>,59.052229734053,62.215588967129,65.418291393441,68.713057654671,71.769571664195,75.197558360142,87.025007702578,95.511887908959,95.093610879597,96.304825751273,100,101.616803966411,111.822885128172,118.545916273811,121.719866227232,127.999838626588
Índice de precios implícitos base 2013=100|B.1bV---Valor agregado bruto|Jalisco<C1>,58.311287140422,63.920791337879,67.231354765568,71.132444646203,74.495892321949,78.658556399994,88.361160480066,95.656913739962,95.121778425508,99.204207797796,100,103.613551503053,117.426885724432,134.277818734844,144.52486545391,149.345140954685
Índice de precios implícitos base 2013=100|B.1bV---Valor agregado bruto|México<C1>,51.550425223275,56.522059217372,58.926519512355,61.934865016925,61.513379105829,66.070937103721,78.644737585415,86.29833028614,91.618723417484,97.989053964658,100,103.864479259083,120.23570630855,127.686528436597,127.050341471002,140.154713586701
Índice de precios implícitos base 2013=100|B.1bV---Valor agregado bruto|Michoacán de Ocampo<C1>,60.862574521748,63.730873004564,65.579634642108,69.377445245412,70.293176754359,74.356863473123,81.008220063891,86.867701615545,93.653265519526,96.250774727478,100,107.721949774038,118.075785116291,126.511142692994,128.266791345793,147.980411013342
Índice de precios implícitos base 2013=100|B.1bV---Valor agregado bruto|Morelos<C1>,61.769147046044,65.778380980506,69.211645618354,72.134168965462,74.274045580852,75.102421531758,83.52883253291,93.493578700607,94.701901052114,97.083700949896,100,103.938432467023,116.889844726915,124.657899976973,125.899676665979,141.48687831365
Índice de precios implícitos base 2013=100|B.1bV---Valor agregado bruto|Nayarit<C1>,61.884760001355,68.399217485159,72.219260246585,74.207600533143,77.934768678713,83.115746971736,89.36060390993,100.019418104146,94.255082735217,98.255235799307,100,103.248064117629,111.166503644338,118.241154242528,117.136712887256,132.085083074676
Índice de precios implícitos base 2013=100|B.1bV---Valor agregado bruto|Nuevo León<C1>,59.076934545399,62.846564213078,67.87753690515,71.359909405065,75.740736726435,79.42942379496,83.932999674399,95.102167549898,91.194557050835,97.713484320969,100,110.800920074177,127.611892943898,133.614993859399,133.643401839405,143.787381842566
Índice de precios implícitos base 2013=100|B.1bV---Valor agregado bruto|Oaxaca<C1>,51.159377078507,59.166579870152,62.906531307559,69.010943899686,74.257467001427,75.665985286562,84.836361320995,86.323312801286,89.986774682351,94.799261910087,100,103.350560643153,111.820509453781,117.96223181502,119.977701150459,128.52638152929
Índice de precios implícitos base 2013=100|B.1bV---Valor agregado bruto|Puebla<C1>,63.413347153188,66.00960148071,69.542212327007,72.423842476125,73.8382370443,78.019087504031,88.440078878187,94.920337155363,95.980429705795,99.593443268363,100,103.448024286041,116.915028003533,124.45897985241,140.253828952115,154.679507553646
Índice de precios implícitos base 2013=100|B.1bV---Valor agregado bruto|Querétaro<C1>,62.099059661159004,64.287936316829,68.753522332628,69.876412280637,73.372472647061,77.7232210867,86.049656327556,93.250039498391,92.614779810594,98.717960642787,100,101.147844801817,108.249250407455,118.264505525682,134.763418696806,145.795355980852
Índice de precios implícitos base 2013=100|B.1bV---Valor agregado bruto|Quintana Roo<C1>,51.785792541303,59.689958139749,63.12811831789,70.924657534247,75.962692769416,76.967115507923,84.268540922533,89.745666612668,98.23217290022,100.026883165762,100,103.21047107489,111.928752028378,116.701864633769,130.650391439292,152.065851364064
Índice de precios implícitos base 2013=100|B.1bV---Valor agregado bruto|San Luis Potosí<C1>,68.936303038475,74.827210793384,75.36387614938,77.85599758636,80.609139508768,86.654675384653,87.007816042521,91.684839673694,97.264643373679,103.770526167089,100,104.54130437984,112.903411285214,122.925521121817,131.494462942719,151.567124213311
Índice de precios implícitos base 2013=100|B.1bV---Valor agregado bruto|Sinaloa<C1>,61.955491431304,66.592951473002,70.346837975554,71.592310815884,75.446945717216,79.209281948242,87.223326056206,93.718819007115,96.134898612593,97.668781949586,100,101.73921171074,108.843199529892,115.03852264066,124.68669432635,134.422080539919
Índice de precios implícitos base 2013=100|B.1bV---Valor agregado bruto|Sonora<C1>,67.214600559915,66.305596043323,70.132678504248,72.93464073255,76.882112293046,88.168524030475,94.719154609462,105.647741522226,91.305626154969,108.573882238806,100,118.166925298273,139.940945699309,141.452489022391,151.535862539354,161.40324127252
Índice de precios implícitos base 2013=100|B.1bV---Valor agregado bruto|Tabasco<C1>,61.600699314915,66.028216210041,68.873129978628,72.706355003652,76.426230604601,80.910931835255,89.128873216443,94.394361580069,98.082844455969,96.338169527549,100,101.116546294665,109.715368520785,115.374731739164,115.594281127488,116.221070521832
Índice de precios implícitos base 2013=100|B.1bV---Valor agregado bruto|Tamaulipas<C1>,150.486433698184,147.980770183627,149.339870949776,148.671112909532,164.276139262583,201.468765570099,208.069536223401,104.771240411662,90.720953230161,111.615835420554,100,119.836858236089,146.864083503777,148.930403101204,154.492888497051,162.76609930727
Índice de precios implícitos base 2013=100|B.1bV---Valor agregado bruto|Tlaxcala<C1>,64.219328869385,68.618674560441,70.590969094388,68.977251646415,72.467483248149,74.648831067201,87.465423450314,94.450084751748,101.497136794146,104.724368757773,100,105.342736126318,121.910499282235,131.305241316015,137.120534383014,143.171758694647
Índice de precios implícitos base 2013=100|B.1bV---Valor agregado bruto|Veracruz de Ignacio de la Llave<C1>,59.926335510474,65.454453099556,69.106803129275,73.050643247168,77.245297132287,79.964153999931,87.760435098965,92.111242646805,98.34603550075,98.072997453832,100,102.982276466804,113.164622525615,117.782882852176,104.942745963458,114.957839246611
Índice de precios implícitos base 2013=100|B.1bV---Valor agregado bruto|Yucatán<C1>,62.830153792387,64.535659810941,69.130878119002,73.343282645951,77.571942544435,84.220392144173,91.772549038464,98.905239270232,92.793404720047,106.93866129661,100,116.072910448848,137.934374946622,138.249846426437,146.313660074473,162.666288486599
Índice de precios implícitos base 2013=100|B.1bV---Valor agregado bruto|Zacatecas<C1>,59.938325037871,65.040440987069,68.850971138138,72.54772059128,77.630462925762,78.497036109865,85.530527021672,90.513481915861,95.28304792411,99.043428076757,100,100.896323887492,108.570551574115,118.073370106998,134.75849480483,158.211648379156
Variación porcentual anual del índice de precios implícitos base 2013=100|B.1bV---Valor agregado bruto|Estados Unidos Mexicanos<C1>,NA,1.263715402878,4.738097807897,1.805663208844,6.068979871241,13.13886775428,6.935797398421,-7.049012267023,-3.809416947995,12.777313807133,-4.236787577932,11.951986648575,17.527556473511,4.5800299091,4.209379158682,7.483463936674
Variación porcentual anual del índice de precios implícitos base 2013=100|B.1bV---Valor agregado bruto|Aguascalientes<C1>,NA,1.33640179189,3.77919317252,0.759257114187,5.11139224023,6.257230413927,4.974382577394,10.54788736346,5.538047918109,6.80159817628,-0.755647230468,9.168411194359,16.125580418759,3.100777112342,7.265498772247,3.500904748908
Variación porcentual anual del índice de precios implícitos base 2013=100|B.1bV---Valor agregado bruto|Baja California<C1>,NA,-1.316228037609,6.238120524616,3.278374352199,5.550868731362,7.741436196311,9.429043168132,8.142355113741,-8.962508187009,22.857836176313,-11.693877848247,20.314986533589,21.604434258266,2.778449954226,5.287215725477,5.769036301971
Variación porcentual anual del índice de precios implícitos base 2013=100|B.1bV---Valor agregado bruto|Baja California Sur<C1>,NA,5.926859185422,6.575387422734,0.878460332672,7.180620348471,5.564871011133,8.867715296923,8.710375747714,2.761520930191,3.99130756823,1.10355857657,0.804061064177,4.493909456541,5.976959598798,3.194638595647,19.561626262646
Variación porcentual anual del índice de precios implícitos base 2013=100|B.1bV---Valor agregado bruto|Campeche<C1>,NA,9.924476856419,5.603588422843,6.091925243686,5.617135351223,2.878810953534,10.334147916751,6.400840684468,8.36167815836,1.64252735291,0.563483351628,3.725408120553,8.962151989652,4.725038725686,-4.135850882357,7.836656591927
Variación porcentual anual del índice de precios implícitos base 2013=100|B.1bV---Valor agregado bruto|Coahuila de Zaragoza<C1>,NA,4.320512219664,5.801938249725,5.803123669266,5.221284576137,4.568941194002,9.768023142575,6.434260934362,0.780935608436,8.423831256792,-3.858022415573,9.554267289356,14.562868155171,3.324134745479,8.247074074703,8.750260138592
Variación porcentual anual del índice de precios implícitos base 2013=100|B.1bV---Valor agregado bruto|Colima<C1>,NA,6.172230447911,6.283589486213,1.215176637674,5.001664316117,3.795516821543,8.8618718785,7.534458774256,3.800310096936,3.018508986939,2.564669467168,1.912119219812,6.020726742379,5.718598034987,7.845563075757,15.36992281743
Variación porcentual anual del índice de precios implícitos base 2013=100|B.1bV---Valor agregado bruto|Chiapas<C1>,NA,10.318756843509,7.138455724795,3.422839024955,8.057660435811,6.618216748225,10.659012932318,7.02678812174,1.564675458485,0.248061110327,5.638066707454,2.877451073804,6.54654082852,4.963314182038,10.79864899992,12.857781630127
Variación porcentual anual del índice de precios implícitos base 2013=100|B.1bV---Valor agregado bruto|Chihuahua<C1>,NA,1.584667712294,4.37984439213,3.632918377069,5.297617722003,7.031051714737,10.275745842166,8.933201422198,-8.819704470604,20.204556423415,-10.446284644585,19.158344317435,20.453168008902,4.215001455688,5.912675123052,5.606987801825
Variación porcentual anual del índice de precios implícitos base 2013=100|B.1bV---Valor agregado bruto|Ciudad de México<C1>,NA,5.168618709577,4.771841117722,3.264107447044,2.815530719658,7.207507247876,8.805967557366,10.382870569353,-0.517091961729,5.462236782796,3.029491229913,3.527002689923,10.241690114723,6.273419153642,0.678719745706,13.742299234401
Variación porcentual anual del índice de precios implícitos base 2013=100|B.1bV---Valor agregado bruto|Durango<C1>,NA,8.504524330462,6.18373130031,2.606314353543,4.533837094422,8.413041394646,8.572103902833,4.740731560891,4.961565031069,-0.451191082702,4.162177612629,0.749599837681,7.783681436711,6.031952320997,-5.118734808513,4.644777730989
Variación porcentual anual del índice de precios implícitos base 2013=100|B.1bV---Valor agregado bruto|Guanajuato<C1>,NA,7.082838263027,6.453979557266,5.184495550038,1.014889565962,4.676615993552,11.159619929611999,10.529279682629,8.601502320852,3.2162970732,3.772116100807,4.608959575856,8.816538230011,9.38312085152,4.039043177701,20.378676776132
Variación porcentual anual del índice de precios implícitos base 2013=100|B.1bV---Valor agregado bruto|Guerrero<C1>,NA,3.480096946967,10.102676613535,20.374832840338,13.681139888466,8.82210954343,16.094513916956,17.397451829154,12.244609639802,3.755967260127,2.357951533287,2.70975943673,7.54649606553,8.193739569276,3.93381774022,9.052049792625
Variación porcentual anual del índice de precios implícitos base 2013=100|B.1bV---Valor agregado bruto|Hidalgo<C1>,NA,5.356883638979,5.147749108353,5.036460278998,4.448228784818,4.776378925579,15.728501829529,9.75223149119,-0.4379319041,1.273707939443,3.836956476377,1.616803966411,10.043694313723,6.012213991736,2.677401342185,5.159365183357
Variación porcentual anual del índice de precios implícitos base 2013=100|B.1bV---Valor agregado bruto|Jalisco<C1>,NA,9.619928615104,5.179165273768,5.802485899976,4.728429751677,5.587776652242,12.335090451867,8.256742238624,-0.559431925547,4.291792520979,0.802175855107,3.613551503053,13.331590338328,14.350148951371,7.631228162338,3.335256867831
Variación porcentual anual del índice de precios implícitos base 2013=100|B.1bV---Valor agregado bruto|México<C1>,NA,9.644215295148,4.254021046431,5.105248926062,-0.680530927097,7.409051598435,19.030758504235,9.731856111049,6.165117116059,6.953088091116,2.052214970937,3.864479259083,15.762103816676,6.196846474979,-0.498241258013,10.314314754274
Variación porcentual anual del índice de precios implícitos base 2013=100|B.1bV---Valor agregado bruto|Michoacán de Ocampo<C1>,NA,4.712745895741,2.900888612355,5.791143277986,1.319926823059,5.781054301991,8.945181762773,7.23319380062,7.811377275771,2.773538320893,3.895267630975,7.721949774038,9.611630093933,7.144019892305,1.387742309039,15.369231163196
Variación porcentual anual del índice de precios implícitos base 2013=100|B.1bV---Valor agregado bruto|Morelos<C1>,NA,6.490673946774,5.219442294978,4.222589018073,2.966522864379,1.115296661745,11.219892553782,11.929708419869,1.292412129582,2.515049720566,3.003901810057,3.938432467023,12.460657672513,6.645620300212,0.996147608162,12.380652643791
Variación porcentual anual del índice de precios implícitos base 2013=100|B.1bV---Valor agregado bruto|Nayarit<C1>,NA,10.526755672417,5.584921731385,2.753199464754,5.022623179826,6.647839444269,7.513446206911,11.927867234379,-5.763216261593,4.243965362937,1.775746795068,3.248064117629,7.669334620829,6.364012869222,-0.934058333875,12.761473170079
Variación porcentual anual del índice de precios implícitos base 2013=100|B.1bV---Valor agregado bruto|Nuevo León<C1>,NA,6.380882313354,8.005167434475,5.130375465423,6.139059533418,4.870149443949,5.669908787283,13.307242584952,-4.108855349709,7.148373193479,2.340020617339,10.800920074177,15.172232196688,4.704186088784,0.021261071969,7.590333576925
Variación porcentual anual del índice de precios implícitos base 2013=100|B.1bV---Valor agregado bruto|Oaxaca<C1>,NA,15.651486098741,6.321053955822,9.703940855174,7.602450865427,1.896803570081,12.119548829904,1.752728968024,4.243884719181,5.347993907687,5.486053356455,3.350560643153,8.19535835889,5.492482900713,1.708571722006,7.125224351574
Variación porcentual anual del índice de precios implícitos base 2013=100|B.1bV---Valor agregado bruto|Puebla<C1>,NA,4.0941764535,5.35166213256,4.143713656344,1.9529405232,5.662175353974,13.356976744463,7.327286858373,1.116823414456,3.764323178843,0.408216362739,3.448024286041,13.0181352524,6.452508268355,12.690807138573,10.285408041485
Variación porcentual anual del índice de precios implícitos base 2013=100|B.1bV---Valor agregado bruto|Querétaro<C1>,NA,3.524814494154,6.946227039847,1.633210794025,5.003205305366,5.929674008081,10.712931250711,8.367707063729,-0.681243344468,6.589856224541,1.298689062117,1.147844801817,7.020817516727,9.252031843666,13.950857949971,8.186151249892
Variación porcentual anual del índice de precios implícitos base 2013=100|B.1bV---Valor agregado bruto|Quintana Roo<C1>,NA,15.263193263175,5.76003114308,12.350343118254,7.103362089181,1.322257942535,9.486422047164,6.49960902393,9.456173883224,1.827008619024,-0.026875940658,3.21047107489,8.44708958567,4.264420462922,11.952274155427,16.391424234441
Variación porcentual anual del índice de precios implícitos base 2013=100|B.1bV---Valor agregado bruto|San Luis Potosí<C1>,NA,8.545436142146,0.717206147745,3.306785112857,3.536197605527,7.499814428893,0.407526375583,5.375406307046,6.085852055633,6.688846602167,-3.633523223172,4.54130437984,7.998854572343,8.87671127251,6.970840345196,15.265023957196
Variación porcentual anual del índice de precios implícitos base 2013=100|B.1bV---Valor agregado bruto|Sinaloa<C1>,NA,7.485147699684,5.637062811481,1.77047451765,5.384146505964,4.98673100052,10.117556820173,7.446967737418,2.578009017906,1.595553081274,2.386860984523,1.73921171074,6.982546551815,5.691970777712,8.386905068164,7.807878993157
Variación porcentual anual del índice de precios implícitos base 2013=100|B.1bV---Valor agregado bruto|Sonora<C1>,NA,-1.352391458135,5.771884560731,3.99523059444,5.412341132894,14.680153030148,7.429670226444,11.53788476874,-13.575411230386,18.912587111038,-7.896818334218,18.166925298273,18.426493154556,1.08012941854,7.128452519041,6.511579878066
Variación porcentual anual del índice de precios implícitos base 2013=100|B.1bV---Valor agregado bruto|Tabasco<C1>,NA,7.187445831567,4.308633387183,5.565632092245,5.116300495001,5.86801310908,10.156775104161,5.907724594295,3.907524574729,-1.778776847365,3.801017281529,1.116546294665,8.503872552235,5.158222858548,0.190292436667,0.542232183314
Variación porcentual anual del índice de precios implícitos base 2013=100|B.1bV---Valor agregado bruto|Tamaulipas<C1>,NA,-1.665042790224,0.918430661269,-0.447809440299,10.496340578648,22.640309465799,3.276324563077,-49.646045109088,-13.410442719104,23.032035540216,-10.406977985505,19.836858236089,22.553349333009,1.406960468571,3.734956248032,5.355075492926
Variación porcentual anual del índice de precios implícitos base 2013=100|B.1bV---Valor agregado bruto|Tlaxcala<C1>,NA,6.850500882692,2.874282469869,-2.286011183407,5.059974873492,3.010105665713,17.169180280365,7.985625663153,7.461138929542,3.179628574324,-4.511241092988,5.342736126318,15.727485126312,7.706261633816,4.428835443821,4.413069376415
Variación porcentual anual del índice de precios implícitos base 2013=100|B.1bV---Valor agregado bruto|Veracruz de Ignacio de la Llave<C1>,NA,9.224855052443,5.579987085315,5.706876804177,5.742117657919,3.519770094208,9.749719979581,4.957595689827,6.768764240704,-0.277629947692,1.96486555545,2.982276466804,9.88747424135,4.081010675855,-10.901530492197,9.543387864694
Variación porcentual anual del índice de precios implícitos base 2013=100|B.1bV---Valor agregado bruto|Yucatán<C1>,NA,2.714470545766,7.12043282973,6.093376276369,5.765572177751,8.570688552668,8.967135751829,7.7721391707,-6.179485126653,15.243816755338,-6.488449745377,16.072910448848,18.83425203455,0.228711283853,5.832783078227,11.17641948387
Variación porcentual anual del índice de precios implícitos base 2013=100|B.1bV---Valor agregado bruto|Zacatecas<C1>,NA,8.512276487497,5.858708971279,5.369204518154,7.006067582905,1.116279810069,8.960199340473,5.825937320515,5.269453685013,3.946536382465,0.965810596238,0.896323887492,7.606052818317,8.75266671773,14.131149710313,17.403840558099
